,compound,neg,neu,pos,id
0,0.0,0.0,1.0,0.0,--XQAK7NhUs
1,0.996,0.065,0.776,0.16,-2RStr_KtP4
2,0.8057,0.0,0.916,0.084,-4MagUTyp3Y
3,0.9998,0.024,0.771,0.206,-8KntVmm2r8
4,0.9943,0.009,0.954,0.037,-ADzNjgctho
5,0.9996,0.019,0.86,0.122,-BLi-VxE--Y
6,0.9999,0.068,0.742,0.19,-CwoylxqVPA
7,0.9995,0.07,0.833,0.097,-Ej5qLcmzv0
8,0.972,0.007,0.965,0.028,-Fpxa4tXO9A
9,0.971,0.015,0.941,0.045,-G5a15ZG4SU
10,-0.9838,0.064,0.902,0.034,-I6UKZqb5hg
11,-0.9979,0.063,0.898,0.039,-IS_WCRq5BY
12,-0.6734,0.005,0.995,0.0,-Iebjs-48-s
13,-0.8035,0.024,0.964,0.012,-KYYL3kMctc
14,-0.9806,0.048,0.934,0.018,-OKR-qL54tU
15,0.7882,0.023,0.948,0.029,-QYvsZCiiNs
16,0.0,0.0,1.0,0.0,-RErLff9BQ8
17,-0.9795,0.033,0.951,0.016,-Sn68BnMAJc
18,0.0,0.0,1.0,0.0,-_BJRh0gW9c
19,-0.9995,0.09,0.886,0.023,-db1Tu28nSM
20,-0.9929,0.027,0.963,0.01,-egZmn2kJzo
21,0.9893,0.008,0.952,0.04,-iCEdhWzqeI
22,0.0,0.0,1.0,0.0,-j6q2dwWFhU
23,0.9998,0.031,0.742,0.227,-kyqE2Nq3pc
24,0.9938,0.019,0.925,0.055,-ozmpOa_lS0
25,0.9944,0.003,0.964,0.033,-qzfbjHtOLM
26,0.7191,0.07,0.841,0.089,-rCT2Wm3wWQ
27,0.9989,0.029,0.918,0.053,-w3iYPvbY2Y
28,0.9975,0.0,0.92,0.08,-xhZAoE9sLs
29,0.9608,0.02,0.945,0.034,-yTbVC95GAk
30,0.8343,0.027,0.879,0.094,03jDAXqaowk
31,0.9989,0.111,0.736,0.153,06DwCNuWug8
32,0.8257,0.024,0.917,0.059,0FbApS8Nhik
33,-0.4617,0.023,0.964,0.014,0FwaWiVppIY
34,0.7488,0.025,0.9,0.075,0GFF0iHyYbU
35,0.9989,0.0,0.982,0.018,0I02vlhj84c
36,0.8798,0.0,0.995,0.005,0IWd2Ln1Rdo
37,1.0,0.05,0.748,0.203,0LA5ausInlw
38,0.8748,0.005,0.946,0.048,0MVWqjb2_zI
39,0.9944,0.002,0.937,0.061,0OnZ34l-HW8
40,0.0,0.0,1.0,0.0,0PWma3841LI
41,0.8427,0.033,0.926,0.041,0Pap39_cXOs
42,-0.9968,0.097,0.865,0.038,0QVOhB3MfqE
43,0.7998,0.0,0.974,0.026,0XtptEn558g
44,0.8504,0.0,0.989,0.011,0_TDIMuaxdY
45,0.9048,0.024,0.943,0.033,0ax8f7DcUmg
46,-0.9939,0.044,0.945,0.011,0cIyhZqy75o
47,-0.9524,0.022,0.959,0.019,0cwVTshRIGo
48,0.9885,0.01,0.952,0.038,0dKlfdtWzzc
49,-0.9231,0.011,0.987,0.002,0i4e32SlbIw
50,0.0,0.0,1.0,0.0,0inO04u_zrw
51,0.9993,0.041,0.794,0.165,0ktXwOZbhC4
52,0.9998,0.066,0.673,0.261,0lyR5kRL52E
53,1.0,0.064,0.765,0.171,0n9ITSKRAMA
54,0.8118,0.0,0.995,0.005,0niPLpPydp0
55,0.3875,0.0,0.976,0.024,0pKGpgArRP8
56,0.9999,0.023,0.916,0.061,0rrN1Qmpnbg
57,0.999,0.072,0.753,0.175,0v9EIaN4Nzo
58,1.0,0.047,0.669,0.284,0vclPca_UkU
59,1.0,0.047,0.707,0.246,0zXfDafyyao
60,0.9995,0.015,0.818,0.167,12jj-kZSCAE
61,0.994,0.004,0.961,0.034,12lxpp7Eq0g
62,0.8902,0.0,0.995,0.005,14KJSGbNlt0
63,0.9731,0.013,0.945,0.042,18F50u0PqTw
64,1.0,0.048,0.686,0.265,1Bbv-uFJSZI
65,0.9426,0.0,0.99,0.01,1GnESYYZUYQ
66,0.9999,0.007,0.899,0.094,1JlLi9pDaJE
67,0.9731,0.0,0.994,0.006,1OkXaiBNfFc
68,0.9603,0.003,0.985,0.012,1TdQH38RSYY
69,0.9992,0.005,0.881,0.115,1W9V9TjoL8M
70,-0.798,0.013,0.983,0.004,1Yp26uhXy04
71,-0.994,0.016,0.976,0.008,1bJCsGJUqg0
72,-0.9916,0.052,0.926,0.023,1c1Pew0dghs
73,0.0,0.0,1.0,0.0,1hEaLr2XB7E
74,0.9992,0.059,0.759,0.182,1kEpZCtRhPA
75,0.9936,0.01,0.941,0.049,1nR84q0RAEY
76,1.0,0.076,0.671,0.253,1n_cPIhag28
77,-0.9938,0.041,0.949,0.011,1oPRJw2bxuE
78,0.0,0.0,1.0,0.0,1p-NMEBMdKg
79,0.9912,0.012,0.925,0.063,1sBCe9of4KM
80,-0.9902,0.034,0.957,0.01,1tksCM9PesI
81,1.0,0.071,0.723,0.206,1vpzyzfQdsI
82,0.9991,0.052,0.79,0.158,20IOYT25Tto
83,0.7922,0.0,0.993,0.007,2DCAtqXQX1I
84,0.8923,0.016,0.951,0.032,2D_7xx600lw
85,0.9952,0.054,0.857,0.089,2DjilozKJnk
86,-0.9999,0.049,0.925,0.026,2E55xvU1Ajs
87,0.9957,0.006,0.931,0.064,2GQVCpk0z7Y
88,0.9999,0.015,0.93,0.054,2GciQpGoltM
89,0.9999,0.024,0.762,0.214,2H-k11vs8-s
90,0.8453,0.013,0.969,0.018,2LDW2WDobEg
91,-0.703,0.009,0.988,0.003,2LttwF2uOKs
92,0.9754,0.0,0.984,0.016,2MbqkT3yxeA
93,-0.794,0.032,0.944,0.025,2MpndHkDBwE
94,0.0,0.0,1.0,0.0,2NWRvGnpUAU
95,0.8634,0.0,0.986,0.014,2QN1vmuoki8
96,1.0,0.063,0.785,0.152,2QrEBEbIl4A
97,-0.8089,0.014,0.981,0.005,2Swsf75FuQ0
98,-0.999,0.047,0.923,0.03,2VUaXA-uLF8
99,0.9997,0.026,0.936,0.039,2W2J30ZkaG0
100,0.9859,0.015,0.953,0.032,2_Vrl2fLY1M
101,-0.786,0.116,0.783,0.1,2_ivukEteDg
102,-0.8269,0.029,0.948,0.023,2ackns42yn0
103,1.0,0.099,0.694,0.207,2b6-vsEi58w
104,0.9914,0.0,0.957,0.043,2bzUxfp8_lE
105,0.8671,0.0,0.978,0.022,2dri-6t7VeM
106,-0.9385,0.005,0.995,0.0,2g2eti7GnRY
107,0.9937,0.0,0.943,0.057,2gjoDu8SXkg
108,0.9541,0.042,0.904,0.053,2i_G2m0vP6U
109,1.0,0.106,0.766,0.129,2of5Y3Z7VCE
110,0.9236,0.0,0.987,0.013,2qDMXjAVy34
111,-0.9999,0.047,0.929,0.024,2qcfps-ZW3A
112,0.9995,0.026,0.906,0.068,2sLiHrjopvE
113,0.4199,0.0,0.998,0.002,2sQatnIfPI8
114,0.993,0.008,0.927,0.066,2tSUVWC5q-A
115,-0.9976,0.056,0.918,0.026,2tjYDu085sQ
116,-0.9964,0.05,0.923,0.027,2tkTd872IpM
117,0.7575,0.011,0.972,0.018,2wmH-8vqtjc
118,0.9998,0.021,0.873,0.106,2xDaFsE8M5Q
119,0.9641,0.02,0.958,0.022,30pyRH9KNkY
120,0.8729,0.023,0.956,0.021,32ftlUuoRHQ
121,-0.8963,0.003,0.997,0.0,34miIdWnFSU
122,-0.9667,0.028,0.961,0.011,35tl94IWH8o
123,-0.9992,0.055,0.927,0.018,378zlkjLEuc
124,0.9993,0.065,0.751,0.185,37jHStzD6jc
125,-0.8427,0.01,0.99,0.0,39TzzjPmQbg
126,-0.9996,0.051,0.916,0.032,3Cp12CLQmok
127,0.973,0.015,0.955,0.03,3FVf9yo4f1c
128,0.9787,0.011,0.944,0.045,3GC0G2wEEqQ
129,0.9994,0.049,0.9,0.051,3HJhl83HGWk
130,1.0,0.02,0.664,0.316,3IEi1afAp5g
131,0.9015,0.0,0.956,0.044,3PHyVpDDvvI
132,0.0,0.0,1.0,0.0,3SLBKRs8C_0
133,-0.9998,0.045,0.92,0.035,3W8Ylhm4_8Y
134,1.0,0.099,0.733,0.169,3Xl0Qr0uXuY
135,-0.819,0.005,0.995,0.0,3YCfdDOfQCU
136,-0.9874,0.028,0.961,0.01,3YScGZy3wVs
137,0.9936,0.013,0.964,0.023,3cGtj77qDJI
138,0.9784,0.016,0.948,0.035,3et7U1j5NhY
139,0.9997,0.035,0.791,0.174,3fDlXpFVZ10
140,0.9993,0.082,0.775,0.143,3fxQ7VlYX6M
141,0.9948,0.008,0.947,0.045,3jOnyucPD5c
142,-0.9685,0.138,0.738,0.124,3jpxCvt7XAY
143,0.0,0.0,1.0,0.0,3oG91wFr364
144,-0.9963,0.073,0.919,0.007,3s9ia7ldY94
145,0.9408,0.016,0.951,0.033,3uSLGRau1jE
146,0.8963,0.0,0.985,0.015,3xtvP7iU03E
147,0.9999,0.073,0.737,0.19,3zJrYlCJpgY
148,0.0,0.0,1.0,0.0,43nmtMr8kQw
149,0.9938,0.006,0.924,0.07,49J7lw6Cx40
150,-0.9977,0.067,0.918,0.014,4Fb2Lv5KTuk
151,0.9999,0.077,0.721,0.202,4G4nBbBx_LU
152,0.9958,0.01,0.943,0.047,4KAFw4kd4pk
153,0.9895,0.026,0.921,0.053,4KEcBJxFzNI
154,0.9995,0.058,0.772,0.171,4NKoEN4D2wA
155,0.9474,0.01,0.959,0.031,4TC-jeSRRlo
156,-0.9464,0.028,0.961,0.011,4VRWmE9Hir0
157,-0.9998,0.139,0.77,0.091,4VTOplLl2BM
158,0.9853,0.004,0.957,0.039,4_7uCRg9JIc
159,-0.5414,0.045,0.907,0.048,4h13U_F79TU
160,-0.9967,0.063,0.9,0.037,4iExma_PfHI
161,-0.9976,0.092,0.882,0.026,4iqrnl_7-FI
162,1.0,0.044,0.833,0.123,4jmMWohs1XM
163,0.9951,0.011,0.933,0.056,4k8gJHe6loo
164,0.9655,0.056,0.856,0.088,4oOoC36f9II
165,-0.8405,0.012,0.983,0.006,4qrdtUX4Ezo
166,1.0,0.064,0.71,0.226,4t4-mBexJ1g
167,-0.9007,0.036,0.943,0.021,4uKKO0W8iRk
168,0.977,0.006,0.964,0.031,4vGwkMTvDik
169,0.9985,0.022,0.879,0.099,4zJ4i6Az2Ck
170,0.9957,0.009,0.929,0.063,504bJ-qMZxI
171,0.8529,0.0,0.988,0.012,50tfSSueHFg
172,0.9998,0.029,0.885,0.086,51-4_DItCio
173,0.9964,0.13,0.708,0.162,51kha_drAK4
174,0.9982,0.001,0.982,0.016,54h9ULtAir4
175,-0.6031,0.028,0.949,0.023,57AdP4RmSNk
176,0.8466,0.0,0.991,0.009,58_c0gcAHMU
177,1.0,0.046,0.687,0.267,59cPZzpoEKQ
178,0.6031,0.013,0.978,0.01,5CaQXdS68LM
179,-0.9182,0.197,0.719,0.084,5DElhPMvPV8
180,-0.9976,0.061,0.931,0.009,5E6bZFcpPqY
181,0.9904,0.014,0.936,0.05,5H3KmoNxWdc
182,0.9838,0.004,0.975,0.022,5IGj80uA5cM
183,-0.9957,0.045,0.93,0.025,5LVcU13NcWg
184,-0.9997,0.04,0.938,0.022,5NQGsgYRDns
185,0.9974,0.005,0.988,0.007,5OAysfkcMjg
186,0.0,0.0,1.0,0.0,5YTVx6iQbAI
187,0.9845,0.014,0.948,0.038,5c9aBYZ7_kQ
188,0.9988,0.027,0.794,0.178,5eUrFAhfI84
189,0.9995,0.035,0.919,0.045,5fY6W2QaU88
190,-0.8269,0.035,0.939,0.026,5jUophE9ahQ
191,-0.9997,0.111,0.873,0.015,5k7NIhKz5_M
192,0.9995,0.052,0.806,0.142,5kwb4aFuGWk
193,0.0,0.0,1.0,0.0,5p07uIxgkSM
194,-0.9998,0.088,0.887,0.025,61xkVmroX7Q
195,-0.9983,0.097,0.857,0.046,64_sBpcbVzE
196,-0.9002,0.029,0.963,0.008,65EmDrNbDF4
197,0.9969,0.0,0.935,0.065,65Mya8pFAfk
198,0.9885,0.026,0.943,0.031,66rL1hJOBLU
199,0.9998,0.071,0.739,0.191,68c1RmFZQeQ
200,-0.8758,0.064,0.884,0.052,6ADwxAX0j1s
201,1.0,0.099,0.762,0.14,6E3RK7FGaRs
202,0.9077,0.0,0.997,0.003,6EA9L3pC7yY
203,0.9674,0.0,0.99,0.01,6Egbt1RxKAQ
204,0.0,0.0,1.0,0.0,6G_TX39hgHM
205,1.0,0.075,0.664,0.261,6KB71UI2iWM
206,0.0,0.0,1.0,0.0,6KrKEOY84kw
207,0.9931,0.013,0.891,0.097,6LAz_2ES1a8
208,1.0,0.011,0.954,0.036,6Nm9GOAmZgk
209,0.7623,0.0,0.965,0.035,6PFAlZgmccs
210,-0.9174,0.009,0.988,0.003,6QqilKy3jb4
211,0.9634,0.002,0.978,0.02,6RCsvMCK68k
212,0.9899,0.012,0.93,0.059,6Tj5JA_xAzI
213,0.9964,0.009,0.899,0.092,6X3C6we4-u4
214,-0.8061,0.016,0.971,0.012,6f9mZOG38Ss
215,0.9996,0.04,0.748,0.212,6g3EanTqoOA
216,0.9671,0.032,0.932,0.037,6g3lDaYygow
217,-0.8253,0.032,0.943,0.026,6gBq0VVwM5g
218,0.0,0.0,1.0,0.0,6heFzHvXXj8
219,-1.0,0.083,0.9,0.018,6iuAx37zEpY
220,0.9995,0.028,0.921,0.052,6jnEWA78KMs
221,0.9944,0.053,0.837,0.11,6ogH-sMTfRg
222,0.9874,0.036,0.899,0.065,6oihqyVvZ6Y
223,0.9999,0.028,0.821,0.15,6pMNHrnUFmQ
224,1.0,0.093,0.63,0.277,6tiD1za8jGw
225,-0.9981,0.058,0.902,0.039,6yT26_MPDS0
226,0.9254,0.019,0.962,0.019,6zg_1iG3HSA
227,-0.7527,0.02,0.965,0.014,72gDtrKWll0
228,0.9396,0.008,0.967,0.026,7504zQJJZAg
229,0.9965,0.028,0.937,0.035,76925U_yKLw
230,0.0,0.0,1.0,0.0,7A9iQ89wHAY
231,0.9624,0.016,0.958,0.026,7BnGzoUyK5E
232,0.6004,0.035,0.936,0.029,7F2Ed55FSro
233,0.7525,0.006,0.972,0.022,7Gn31r01We8
234,-0.9865,0.036,0.958,0.006,7Sd52OOMxVk
235,0.8963,0.015,0.961,0.024,7TV1ygGKTXA
236,0.6628,0.0,0.975,0.025,7U7F6xM9ja4
237,0.9997,0.026,0.918,0.057,7UB6mzkcYWs
238,-0.9998,0.119,0.828,0.053,7UkwNfTP4as
239,0.9997,0.015,0.938,0.046,7Wx-7TzGFI8
240,-0.9986,0.085,0.879,0.036,7X1Pok9VW1E
241,-0.9644,0.02,0.972,0.008,7Yzcmrkdzh8
242,-0.9914,0.074,0.914,0.012,7ZHC4F_b8is
243,0.9998,0.057,0.73,0.213,7beZU4Tj9fo
244,1.0,0.072,0.826,0.102,7c1FO8FT__U
245,0.9536,0.005,0.971,0.024,7cL2mMjqR8o
246,1.0,0.101,0.746,0.154,7fE5ljMUsAw
247,1.0,0.049,0.779,0.172,7hKTaDncNic
248,0.8453,0.0,0.998,0.002,7jAqeaXtIMw
249,-0.9996,0.1,0.89,0.01,7md20ogAHTI
250,0.8453,0.0,0.991,0.009,7nQZHyCFleQ
251,-0.987,0.088,0.882,0.03,7nuinKzCH8E
252,0.0,0.0,1.0,0.0,7pyttUjvGP0
253,0.994,0.004,0.943,0.053,7uD7sEY9-x4
254,0.9632,0.025,0.939,0.036,8482MAoEdyM
255,0.9987,0.012,0.827,0.16,88sdqOX4OI8
256,-0.997,0.068,0.906,0.026,89CY_9xsy50
257,-0.9898,0.031,0.954,0.015,89NF5COf1GU
258,-0.9818,0.105,0.817,0.079,8DJ_2qWrqs4
259,0.9997,0.06,0.714,0.226,8DdLKWwsvWw
260,0.9823,0.02,0.942,0.038,8DyweYGHMEk
261,0.9867,0.002,0.953,0.044,8ExSEdnVoBg
262,0.9998,0.042,0.683,0.275,8HwMdRaZI-g
263,0.9291,0.032,0.925,0.042,8JowvzS3CjE
264,0.0,0.0,1.0,0.0,8LM1Zk4kxG8
265,-0.9961,0.059,0.934,0.008,8O39_gmswE0
266,0.9994,0.014,0.866,0.12,8X3WhmX8mmk
267,1.0,0.074,0.761,0.165,8XkcbdSRdO0
268,0.9649,0.017,0.959,0.024,8Z-wA32NYSo
269,-0.9993,0.157,0.744,0.099,8dnCqf5e-Zw
270,0.988,0.014,0.929,0.057,8gHpAVxD-Io
271,0.6836,0.021,0.961,0.018,8jssbjZOTw0
272,-0.5466,0.002,0.998,0.0,8mYGBYP9rMQ
273,0.6836,0.0,0.994,0.006,8si2lvrfQUE
274,-0.9996,0.033,0.951,0.017,8tyzkyzkAi0
275,0.7527,0.009,0.968,0.023,8xZzh6-YD2s
276,0.9987,0.021,0.885,0.095,8yEZ1v9LzL8
277,0.9862,0.022,0.928,0.05,8yGxbJ3D61k
278,-0.9468,0.036,0.949,0.015,8zgtumHt3js
279,0.9982,0.013,0.904,0.083,8zyKt63DDQM
280,0.7482,0.0,0.994,0.006,91j04vt-WJM
281,0.8553,0.036,0.927,0.037,94io2X_HAtY
282,1.0,0.07,0.703,0.226,98MWcF_Ucs0
283,1.0,0.05,0.803,0.147,9BPQpOfbiRg
284,1.0,0.029,0.66,0.311,9CCACd2q4IY
285,-0.7293,0.009,0.991,0.0,9Cewh9DbX4A
286,1.0,0.022,0.81,0.168,9Czl7WghNJA
287,0.9532,0.017,0.936,0.047,9Ech47qPdHw
288,-0.9706,0.033,0.96,0.007,9H62SMCCYDs
289,-0.9439,0.171,0.687,0.142,9JnJpeBcz9M
290,-0.9989,0.116,0.873,0.012,9KbQw4wAOeg
291,-0.9789,0.033,0.952,0.014,9LD5jeNPJhs
292,0.9332,0.033,0.92,0.047,9LckWII7BD4
293,0.9684,0.008,0.951,0.041,9P_mro6oaD8
294,0.9887,0.018,0.931,0.051,9Qxkd6Rh40g
295,0.4885,0.019,0.944,0.037,9RMUVVEZVtQ
296,0.875,0.006,0.962,0.032,9SP7IuH81jY
297,1.0,0.043,0.764,0.194,9SwJ0Xo3Xls
298,1.0,0.049,0.799,0.153,9WtWSKAFMCQ
299,0.9998,0.029,0.817,0.154,9Z0z-2iK9j8
300,-0.9918,0.15,0.728,0.122,9afhwb6rIZw
301,0.9987,0.092,0.705,0.203,9iH_plNzWdE
302,-0.9984,0.117,0.852,0.03,9lqkDkxIbPw
303,0.982,0.024,0.917,0.059,9rm-bdnW4hE
304,-0.999,0.098,0.868,0.034,9s-AswxWh7A
305,0.9908,0.023,0.925,0.052,9vAbTuIDDh4
306,-0.9852,0.036,0.941,0.023,9wDOsSOppQI
307,0.9228,0.008,0.968,0.023,9xHIm9z9tEg
308,0.5205,0.023,0.958,0.02,9zYq850Oc1U
309,-1.0,0.153,0.712,0.136,A-_tj5sSKkc
310,0.9994,0.074,0.762,0.165,A2gnwh7qYCk
311,-0.9996,0.059,0.916,0.025,A3aolZrJF0Y
312,0.9939,0.014,0.907,0.079,A3usDrlnQQc
313,1.0,0.053,0.743,0.204,A4LD3LzHZjM
314,0.0,0.0,1.0,0.0,A69i9nEonUA
315,0.7293,0.0,0.993,0.007,A79C9asiewE
316,0.9974,0.021,0.868,0.111,AAvGwHpKiw0
317,0.9465,0.0,0.974,0.026,ABfc4Ko560I
318,0.9928,0.04,0.891,0.069,ABsABLDKLVQ
319,1.0,0.053,0.731,0.216,ABuG8hZqynI
320,-0.9939,0.088,0.84,0.072,AKB1dyXsTGM
321,0.9988,0.057,0.845,0.097,AKDal51f5LU
322,-0.9972,0.076,0.897,0.028,AQ-s2Uo3U_0
323,-0.9993,0.108,0.874,0.018,ATh30tUkpFM
324,0.0,0.0,1.0,0.0,AU76htKk3xg
325,0.5673,0.0,0.973,0.027,AZe4ysz1VR4
326,-0.9354,0.024,0.961,0.016,A_Jk9oNHZrc
327,0.0,0.0,1.0,0.0,Ac8cf-qWz8w
328,0.9987,0.059,0.831,0.11,AdPNAE0u40A
329,0.9676,0.027,0.904,0.069,Ae6CTQNKc14
330,1.0,0.039,0.805,0.156,AjMsxrbjn7M
331,0.9985,0.011,0.926,0.063,AjheC7hfc0o
332,0.0,0.0,1.0,0.0,ApoBycomPpg
333,0.9999,0.067,0.638,0.295,Ar5q5Y6vVPs
334,0.9798,0.0,0.863,0.137,AsSOX4Peu60
335,0.7121,0.0,0.997,0.003,AtFP4Py7yf0
336,0.0,0.0,1.0,0.0,AuCkNOiHoW8
337,-0.9989,0.07,0.906,0.025,AvrBFfWGrCk
338,-0.8388,0.004,0.996,0.0,B0Cm3bgwwvc
339,0.9976,0.1,0.744,0.156,B1vfdjTdUJM
340,-0.6935,0.003,0.997,0.0,B5hoKypkaHQ
341,0.9984,0.0,0.828,0.172,B8sMkjIJeTM
342,0.453,0.0,0.981,0.019,BBkMzlqpEoo
343,-0.9981,0.06,0.92,0.02,BDQPpa2IOaM
344,0.9014,0.024,0.942,0.034,BDeFFHszSaU
345,0.9991,0.039,0.872,0.089,BE20uv5rqN8
346,0.0,0.0,1.0,0.0,BF5DykrGMJY
347,0.9105,0.0,0.998,0.002,BF6Ln85YOMU
348,0.972,0.038,0.907,0.055,BH6bcVI68yA
349,-0.706,0.019,0.959,0.022,BJOvrdNkbtU
350,-0.9984,0.079,0.881,0.04,BNCTW5Pyqec
351,0.9908,0.002,0.945,0.053,BNms0yNsbOs
352,0.0,0.0,1.0,0.0,BPFxO3X1S0s
353,-0.9978,0.087,0.893,0.02,BPypXrUjqSU
354,0.9127,0.003,0.975,0.022,BQQPkvUpo7c
355,0.9826,0.02,0.906,0.073,BSNKfVogp54
356,-0.998,0.043,0.927,0.03,BTVb4PB9Ww0
357,0.9997,0.06,0.776,0.164,BU79EyMjIrU
358,0.9549,0.0,0.967,0.033,BVKzk46fO1Y
359,1.0,0.062,0.816,0.123,Ban8Aoj1NuU
360,0.982,0.01,0.931,0.059,BduzAgMOXms
361,-0.9959,0.086,0.871,0.043,BfIBDded_JQ
362,0.0,0.0,1.0,0.0,Bg5sGvUoCHw
363,0.9996,0.014,0.737,0.25,BgGa8mmf_Uk
364,0.9684,0.01,0.957,0.034,BgN1XOrxgK4
365,0.9994,0.009,0.946,0.045,BjZlPMH5HiA
366,0.9994,0.032,0.814,0.154,BkxeOMX-Wms
367,0.9876,0.019,0.915,0.066,BsZSuCeD8Wo
368,-0.9769,0.098,0.812,0.09,BtR4mH3ZvcM
369,0.9999,0.002,0.881,0.117,Bu412i99H9A
370,0.9996,0.102,0.748,0.15,BuAURiD4Wmw
371,-0.7156,0.005,0.993,0.002,BvgUS87z8wQ
372,0.0,0.0,1.0,0.0,C-78P1SfVVY
373,-0.844,0.055,0.899,0.046,C1qt5nbH0SM
374,0.9995,0.015,0.864,0.121,C2QMwtmiq5c
375,0.9967,0.022,0.903,0.074,C2X1KnvYhNw
376,0.0,0.0,1.0,0.0,C7Gidc4eiio
377,0.0,0.0,1.0,0.0,C8Xi0IVOGJs
378,0.0,0.0,1.0,0.0,CA2vJ5l8qow
379,0.0,0.0,1.0,0.0,CBo4LeQrFXs
380,0.9892,0.019,0.908,0.073,CCHQFi9Mjz4
381,0.9542,0.02,0.948,0.032,CCqxzgzrdCE
382,0.9986,0.052,0.744,0.204,CD5JqPyIuj8
383,1.0,0.095,0.715,0.191,CEAK9Ewo-8E
384,0.9961,0.017,0.884,0.099,CHtSqQw6iOg
385,-0.9998,0.125,0.869,0.006,CI0Rb-Yha1Y
386,0.998,0.005,0.883,0.112,CIDSDbcrBOQ
387,-0.9902,0.043,0.946,0.011,CIDzQ7damyo
388,0.0,0.0,1.0,0.0,CKaYjjT2mHM
389,-0.9973,0.087,0.897,0.015,CLc1VhAT3QA
390,0.8565,0.0,0.992,0.008,CLe0gVBt8co
391,0.9773,0.054,0.873,0.072,CPb5dvWwxNw
392,1.0,0.059,0.721,0.22,CPfQAY7pzrs
393,0.9952,0.0,0.942,0.058,CQ60e9Ui-G0
394,-0.8601,0.031,0.947,0.022,CQqZUiSyx3E
395,-0.8206,0.026,0.959,0.014,CQx53asH8q4
396,-0.5273,0.017,0.967,0.016,CRD9j-q5bHE
397,0.0,0.0,1.0,0.0,C_PUj10Q2Lw
398,0.0,0.0,1.0,0.0,CeTO6RHwzvE
399,0.0,0.0,1.0,0.0,CjTJjSUskrs
400,0.9811,0.0,0.968,0.032,CkdkYee5vZc
401,-0.9996,0.094,0.887,0.019,Cl9jdCDtzjk
402,-0.9841,0.045,0.939,0.016,Cnv9WXGlSmk
403,0.9999,0.094,0.755,0.151,CqWuqm51aUs
404,1.0,0.058,0.663,0.279,CvErNgwwciY
405,0.9967,0.015,0.857,0.129,D0OU_kPIUpo
406,0.0,0.0,1.0,0.0,D1LDMWUIC40
407,0.0,0.0,1.0,0.0,D1LILHuw2lU
408,-0.9998,0.059,0.906,0.035,D1mF-MTcCHc
409,0.0,0.0,1.0,0.0,D3w_CRe6VC4
410,0.9438,0.0,0.963,0.037,D517Du-ToHE
411,0.7179,0.029,0.946,0.025,D5BhAXefh3c
412,-0.9618,0.048,0.932,0.02,D6LkRCWlH7U
413,0.9994,0.015,0.934,0.051,D7e04Lirnrc
414,0.0,0.0,1.0,0.0,DEPYJpJ0f-M
415,0.991,0.005,0.949,0.046,DIupXi4NggU
416,1.0,0.036,0.61,0.355,DLdyWMaia8Q
417,0.9848,0.021,0.92,0.059,DM5_FxwY_Uw
418,0.9861,0.009,0.95,0.041,DMpcjzAjGKw
419,-1.0,0.108,0.873,0.019,DMrFMuUcM4o
420,0.9961,0.021,0.912,0.067,DQdevcl8Cl0
421,-0.5152,0.022,0.961,0.018,DS0f9ps0JuA
422,0.0,0.0,1.0,0.0,DXBshIuVV5I
423,-0.7576,0.021,0.965,0.015,D_DthHTYlt0
424,0.9991,0.029,0.695,0.276,D_HceWNTuoE
425,-0.9471,0.021,0.966,0.013,D_gjAVRhoYo
426,-0.6074,0.038,0.918,0.043,DcaPFeCUM6M
427,0.8823,0.033,0.929,0.039,DeLFqEAuEDc
428,0.9938,0.0,0.974,0.026,Dk5fc9g6fwc
429,-0.9973,0.05,0.937,0.013,DmBh279Z6MA
430,0.9521,0.026,0.934,0.04,DntP9z3T14o
431,0.6768,0.014,0.966,0.019,DpO0AiWugyE
432,0.9999,0.068,0.812,0.12,DqCNuTOrAwY
433,0.9762,0.04,0.896,0.063,DqhmGK07r0o
434,-0.9994,0.083,0.898,0.019,DtQLFtLhOfg
435,0.9854,0.019,0.953,0.028,DuYRwf93Umo
436,0.9159,0.005,0.967,0.028,DwdP6BszZVE
437,0.9984,0.009,0.947,0.045,DwfCVBrWs6o
438,-0.9965,0.119,0.799,0.082,Dx37PoHH37c
439,0.977,0.0,0.972,0.028,E1ux6mPDOdw
440,0.0,0.0,1.0,0.0,E5EsBFPXW2o
441,-0.9932,0.058,0.922,0.02,EBIW4WEm8YQ
442,0.9961,0.0,0.948,0.052,ED-0LZS0rzY
443,0.7862,0.0,0.995,0.005,EDxaZSjYgtg
444,0.9939,0.01,0.93,0.06,EGE3L3u_MLE
445,0.9996,0.0,0.797,0.203,EKZdpMv1z7o
446,-0.9991,0.128,0.856,0.016,EKd39YS335g
447,1.0,0.089,0.735,0.175,ELZapVcPF5E
448,0.9998,0.065,0.703,0.232,EOQP6Q8dRb0
449,1.0,0.059,0.683,0.258,EOuEx5uZkuU
450,0.9949,0.02,0.867,0.113,EPnEP9DUG0g
451,0.9999,0.008,0.889,0.103,EQHp7qQuXRc
452,0.9955,0.007,0.942,0.051,EQis7DvmTvE
453,-0.5942,0.022,0.96,0.018,ET064AVH7u8
454,0.6713,0.004,0.986,0.01,EZlKJFNl3cE
455,0.9904,0.007,0.948,0.045,EbJPmdeXW0w
456,0.9975,0.004,0.929,0.067,EgF7MBXd1hI
457,0.0,0.0,1.0,0.0,EiuI2NJbEq8
458,0.4404,0.0,0.97,0.03,Ej0VEX3q8QY
459,0.999,0.013,0.895,0.092,Ej2wbJLaCvI
460,0.0,0.0,1.0,0.0,EjO7sNfk37g
461,0.9946,0.021,0.924,0.055,Ejn0xpzWtdQ
462,0.6734,0.004,0.988,0.008,Ek2HlZ-Fwog
463,0.9992,0.026,0.831,0.143,Enf407Wqs10
464,0.9623,0.014,0.96,0.026,EoI3fP8a7XY
465,-0.9999,0.079,0.91,0.011,EwF3h5x1x1I
466,-0.7551,0.021,0.979,0.0,ExifX7NT72s
467,0.9378,0.007,0.982,0.011,F2CJROhhU9Y
468,0.989,0.004,0.941,0.055,F2MrmVFX-iY
469,0.0,0.0,1.0,0.0,F49VpAnVa4c
470,0.9565,0.026,0.932,0.042,F6iH4rzlY08
471,0.9999,0.067,0.725,0.207,FKgD3yFixUs
472,0.9999,0.008,0.82,0.172,FN2XDrAC3XM
473,0.0,0.0,1.0,0.0,FN3aEwXaPHU
474,1.0,0.063,0.731,0.206,FQib8LJYPBk
475,-0.894,0.014,0.982,0.003,FSidYcvaNxg
476,0.0,0.0,1.0,0.0,FUfHRCdQmRA
477,0.9786,0.035,0.912,0.053,FV3xi7xldNg
478,-0.9579,0.027,0.949,0.024,FZjICq78KNI
479,-0.9926,0.034,0.957,0.009,FbUqfc6Xzbw
480,0.0,0.0,1.0,0.0,FdSWvZBPNqk
481,0.9304,0.039,0.915,0.046,Fe7kcXn2ydY
482,0.9932,0.005,0.987,0.009,FgPXG0kBJwA
483,0.8002,0.0,0.995,0.005,Fhi1fPgiI-c
484,0.7998,0.0,0.997,0.003,FjmMJvuUlwY
485,0.9996,0.006,0.807,0.187,Fl2aLa3BUVY
486,-0.9273,0.02,0.972,0.009,FmrU_uq2Md0
487,0.0,0.0,1.0,0.0,FqU491ErjXk
488,0.9982,0.037,0.927,0.036,FrpAMZIGM2w
489,0.8863,0.08,0.829,0.091,Fsxkf42m1VI
490,0.9033,0.002,0.983,0.015,FugilewB5S0
491,0.9821,0.034,0.886,0.08,Fxaw_h-VGAg
492,0.9862,0.0,0.96,0.04,FxnFsNyKEaA
493,0.9992,0.005,0.869,0.126,G-Dpt7_XVBU
494,0.9849,0.0,0.965,0.035,G-SY594_U_E
495,-0.9939,0.079,0.885,0.036,G-vw9sXyJu8
496,-0.8366,0.008,0.985,0.007,G2q37K9E1Og
497,0.9852,0.006,0.936,0.059,G5FYJs6f64U
498,-0.9709,0.045,0.931,0.024,GAFsqFhHA2Y
499,0.992,0.006,0.953,0.041,GCsceqLHd-8
500,0.9982,0.0,0.928,0.072,GDNAzQGzqZc
501,0.9945,0.012,0.91,0.078,GG4OZhypZW8
502,0.8674,0.021,0.954,0.025,GHPBLsGZkpE
503,0.9482,0.016,0.956,0.027,GJ8VBKwsMGo
504,-0.9575,0.037,0.933,0.029,GJxyBZvAGRc
505,0.9444,0.006,0.956,0.038,GKH--cmcnP8
506,0.9793,0.011,0.953,0.036,GKgvAuTDBmg
507,0.0,0.0,1.0,0.0,GL3mkHb0X20
508,0.6283,0.015,0.952,0.033,GLreYRqgyC8
509,0.9488,0.0,0.978,0.022,GOVGUiimPyA
510,1.0,0.037,0.672,0.29,GSTyIwVqO6Q
511,0.6836,0.0,0.996,0.004,GWUW7YBJaMQ
512,0.9997,0.091,0.792,0.117,GX79IILLDlE
513,0.8875,0.023,0.945,0.032,GYDhepHfI9Q
514,0.9999,0.022,0.682,0.297,GZVG3QB-2pU
515,0.9192,0.0,0.786,0.214,GZiUko0owz4
516,0.0,0.0,1.0,0.0,G_5MJ6TfPCI
517,1.0,0.093,0.722,0.186,GaIW5CQQ3Zo
518,0.0,0.0,1.0,0.0,GcLD6_b1uQA
519,0.9924,0.003,0.945,0.052,GkH29L4Z6Sg
520,0.9211,0.015,0.955,0.03,Gp-ZX0D9SyE
521,0.9685,0.012,0.967,0.021,GqwS5HQLb7M
522,0.9747,0.0,0.972,0.028,GrIcXTYf8pM
523,0.0,0.0,1.0,0.0,GtGfiB43wYY
524,-0.9979,0.067,0.926,0.008,GuW9pbOv6d8
525,0.0,0.0,1.0,0.0,GzFWMQM-3Q0
526,0.0,0.0,1.0,0.0,H1CAB81ayLQ
527,-0.999,0.116,0.871,0.013,H2-OjCvXrvA
528,0.9996,0.058,0.787,0.155,H6g4iPfhIKM
529,-0.9978,0.09,0.892,0.018,H8s_GslzCJA
530,0.987,0.067,0.816,0.117,HAz1QTVCIgY
531,-0.9976,0.071,0.913,0.016,HBMQXg6UBBA
532,0.0,0.0,1.0,0.0,HDN9lPz1544
533,0.9858,0.026,0.92,0.055,HDWr8K2t_1E
534,0.0,0.0,1.0,0.0,HHC_74dpADU
535,0.9853,0.02,0.91,0.07,HJL-_t2INLg
536,1.0,0.087,0.791,0.122,HLzz439tjw4
537,-0.8948,0.179,0.726,0.095,HPVX_TvWKjA
538,-0.9971,0.071,0.916,0.013,HR8Qsz9NqGs
539,0.9998,0.012,0.841,0.148,HShJwyvMReQ
540,0.9999,0.079,0.789,0.133,HVxuZyRXBm8
541,0.9255,0.019,0.951,0.03,HWOMYUZtGr8
542,-0.9984,0.097,0.895,0.008,HY7XE0tjLFg
543,0.9999,0.031,0.671,0.299,HdV2w2xQdHw
544,-0.9946,0.079,0.881,0.041,HdcLRlkcHiw
545,0.738,0.013,0.965,0.022,HeyzrPPQT9c
546,0.9985,0.004,0.806,0.19,Hfybrq-wYm0
547,1.0,0.041,0.742,0.218,HhjHYkPQ8F0
548,0.9402,0.0,0.983,0.017,HiIqMPwxc2s
549,0.5042,0.004,0.988,0.007,Hkuo8d91ukE
550,0.0,0.0,1.0,0.0,HqX812h9oaM
551,0.9409,0.008,0.941,0.051,HrOroCBaXL0
552,0.9547,0.009,0.971,0.02,Ht4TD0Ch7gA
553,0.9997,0.026,0.882,0.093,HtdUBg_njkg
554,0.6628,0.0,0.993,0.007,HtvRXtjbPco
555,0.9941,0.021,0.95,0.029,HvCVjS-WEm8
556,0.0,0.0,1.0,0.0,HzxnwC1OdcY
557,0.9997,0.017,0.921,0.062,I-NrHG3aDMI
558,-0.5216,0.001,0.999,0.0,I4qrcMs3Aho
559,-0.9706,0.014,0.986,0.0,I5ah5By4QWo
560,0.0,0.0,1.0,0.0,I7SZxoZlkxY
561,0.6713,0.006,0.977,0.017,IAqGKa5kF9g
562,0.9684,0.0,0.96,0.04,IG94Mc6eSpw
563,0.9951,0.006,0.876,0.118,IIB0QOB4sjU
564,0.9833,0.005,0.98,0.015,IIMws4nQW-8
565,0.9994,0.081,0.733,0.186,IIOY165lt8k
566,-0.993,0.042,0.922,0.036,INLwQ_Z0MUg
567,0.993,0.057,0.84,0.103,INqwwXYcAko
568,0.9909,0.0,0.989,0.011,IOS9F8WF0jw
569,0.9563,0.016,0.952,0.032,IOTMBvA0uwg
570,0.7506,0.0,0.88,0.12,IOo2dWm064Y
571,1.0,0.019,0.772,0.209,IVMquMDUQZY
572,0.9998,0.038,0.752,0.21,IVZsfc0TqJo
573,0.9554,0.017,0.953,0.03,IW2lPzDVbQs
574,0.9849,0.003,0.976,0.021,IYHB2cpj_5U
575,0.9384,0.003,0.983,0.014,Il1YU1v44-A
576,0.0,0.0,1.0,0.0,Io53bsNR55I
577,-0.8917,0.022,0.966,0.012,IpAUeZ4Kt9g
578,0.9485,0.004,0.988,0.007,IrzABKWrfyQ
579,0.9997,0.006,0.801,0.193,IsBasdYwA1A
580,0.7634,0.027,0.951,0.021,Ituq8iAOj30
581,0.9993,0.046,0.82,0.133,Ivk-fF5hJzA
582,0.9711,0.002,0.971,0.027,Iw39saG2ZGU
583,0.0,0.0,1.0,0.0,Iwb0Ktndiu0
584,0.0,0.0,1.0,0.0,IwnxtTmCJAY
585,0.9999,0.063,0.792,0.144,J-paPjl1zA0
586,0.8892,0.023,0.951,0.026,J-th9v4IASA
587,-0.9968,0.05,0.92,0.03,J47tpjCzfQo
588,0.9971,0.021,0.913,0.065,JADiZCNZv_4
589,0.9996,0.043,0.784,0.173,JBCIB-rlNyQ
590,-0.9599,0.051,0.911,0.038,JGOiy9oRQlI
591,0.999,0.007,0.902,0.091,JI3c4_dhDYE
592,0.9931,0.014,0.937,0.049,JKIje9RwTXw
593,0.9999,0.021,0.788,0.192,JLX6gos1_6k
594,0.9996,0.073,0.734,0.193,JNuROmStRu0
595,0.9785,0.021,0.941,0.038,JRp43x_aYIU
596,0.9915,0.06,0.845,0.095,JRyOYiGXSdU
597,0.0,0.0,1.0,0.0,JTqc4M4xi_I
598,1.0,0.072,0.726,0.201,JUmZ3NfiHDI
599,0.9957,0.009,0.934,0.057,JV_eLj6ABSk
600,0.9964,0.005,0.904,0.091,Jd0B914bTGw
601,0.9789,0.008,0.954,0.037,Jdj4GUqChk8
602,-0.8994,0.13,0.75,0.12,JdrT6MHkhoU
603,0.7669,0.021,0.952,0.027,JeR10rgrKxE
604,0.999,0.02,0.942,0.038,JekUB5ARGu0
605,0.9999,0.038,0.686,0.276,JfAcAIxFKKo
606,0.8238,0.0,0.987,0.013,JhBW3rVHlf4
607,0.9978,0.013,0.898,0.089,JipnO8HCGj4
608,0.0,0.0,1.0,0.0,JjGEBCTmg2g
609,0.9932,0.062,0.831,0.107,JkrbBg5tkVU
610,0.9882,0.025,0.926,0.049,JlDqgU2AoRU
611,0.934,0.0,0.998,0.002,JmS1u0B74Ck
612,-0.7121,0.005,0.994,0.001,JnDd6VUiMLQ
613,0.7293,0.0,0.995,0.005,JntRDFFdWmg
614,0.9997,0.044,0.714,0.242,Jq1_ojQdDI8
615,0.8932,0.0,0.97,0.03,JqcciDF5W4M
616,0.9688,0.003,0.989,0.008,JreH9ISczag
617,0.9827,0.0,0.921,0.079,JseB-BGObHk
618,-1.0,0.055,0.93,0.016,Jt0kSvJewaQ
619,0.8875,0.0,0.987,0.013,Jtl0EMlX1cs
620,0.9727,0.055,0.861,0.084,JtzbLvoGAuo
621,-0.9998,0.076,0.894,0.03,JvSdLL98SXQ
622,0.9992,0.076,0.733,0.192,JxHppOnkWr4
623,0.9985,0.004,0.861,0.135,K-74XvQ1LEg
624,-0.9924,0.086,0.909,0.005,K0Z5MtC3ezo
625,-0.9998,0.051,0.922,0.026,K1v5Pe_prOY
626,0.9999,0.042,0.868,0.09,K2i-fPWWy4A
627,0.946,0.01,0.974,0.017,K3XYwP7nsIE
628,-0.9657,0.083,0.848,0.069,K3sC2L3XNAk
629,0.8843,0.0,0.939,0.061,K7LMtBm4wVU
630,-0.9999,0.102,0.887,0.011,K7l1aXAqApQ
631,0.9985,0.102,0.736,0.161,KAcfESIO8w4
632,0.9977,0.014,0.931,0.055,KEhY4Jod_P0
633,1.0,0.067,0.625,0.308,KI15gVTHfPw
634,0.97,0.0,0.975,0.025,KI5Q01LMmLU
635,-0.6052,0.012,0.988,0.0,KIbiuzNiCME
636,0.7374,0.0,0.994,0.006,KIyScG1EHCw
637,0.8529,0.0,0.989,0.011,KMPYph03QGI
638,-0.9887,0.039,0.949,0.011,KN_ZRC_ESmE
639,0.0,0.0,1.0,0.0,KNsZxeDeBok
640,0.9898,0.004,0.927,0.069,KPXbyvIVDPs
641,0.5615,0.011,0.98,0.009,KS_-ETh51MA
642,-0.9809,0.044,0.943,0.013,KSsin1xrQeg
643,0.0,0.0,1.0,0.0,KWJ0p6dJ34I
644,0.5837,0.007,0.984,0.009,K_gnAb9p7mk
645,-0.9927,0.046,0.946,0.007,KbiwzSwFgqk
646,0.9995,0.013,0.917,0.07,Ket6tcqX8YU
647,1.0,0.056,0.74,0.204,KgvZnxNAThM
648,-0.9195,0.028,0.961,0.011,KkBWUxBIhPg
649,-0.814,0.011,0.986,0.003,KmEcHWemyTw
650,0.9868,0.01,0.946,0.044,Kmpr9bKwLqg
651,-0.5478,0.069,0.89,0.041,KnueaA1aPss
652,-0.9986,0.061,0.928,0.012,Krcr3_oNcts
653,0.7488,0.0,0.993,0.007,L1e-sxUYFT4
654,-0.8892,0.022,0.959,0.019,L3XnKr0lvDw
655,-0.9729,0.059,0.916,0.025,L4HTmPjlBpU
656,0.9453,0.013,0.968,0.02,L4WcEv10Sco
657,0.0,0.0,1.0,0.0,LAU5_DUMwLA
658,0.9996,0.064,0.729,0.207,LBjGD5VGVg0
659,0.0,0.0,1.0,0.0,LK5QBU13uS0
660,0.9842,0.044,0.897,0.059,LKZYTdIS8Lc
661,-0.9991,0.064,0.907,0.029,LMgj6BnoxXE
662,0.9872,0.003,0.955,0.042,LN2Jf_yanzM
663,0.0,0.0,1.0,0.0,LOoGM3Vl2MQ
664,0.9438,0.047,0.891,0.062,LSMedPEEx2U
665,-0.9979,0.093,0.839,0.067,LYUCOfUagtU
666,0.9984,0.014,0.924,0.062,LZ8BqOIGRwo
667,0.9216,0.0,0.994,0.006,LZVuL-B8xW0
668,1.0,0.031,0.729,0.24,L_1htTC1Jmc
669,0.8924,0.005,0.972,0.022,L_VDW97KvRo
670,1.0,0.056,0.816,0.127,LdOM0x0XDMo
671,0.9993,0.08,0.77,0.15,Lh1Tz3zwhFU
672,0.0,0.0,1.0,0.0,Lin3joRaNdg
673,-0.6154,0.047,0.907,0.046,LjhBo2bHVTk
674,0.9972,0.009,0.941,0.05,LpeLLMnmXUQ
675,0.6943,0.004,0.985,0.011,LrIevOUyQc0
676,-0.9694,0.059,0.905,0.035,LtkXvBE2KKg
677,0.9821,0.0,0.964,0.036,LyyThQHqVf4
678,0.9988,0.035,0.923,0.042,M04d70HCBo8
679,0.9802,0.035,0.917,0.048,M2Zeqr-4tjs
680,-0.9273,0.051,0.915,0.034,M87WQKTXXB4
681,-0.9509,0.029,0.957,0.014,M9Kt5sfgQTE
682,-0.8314,0.021,0.967,0.012,MBSirsEKEkk
683,0.9999,0.007,0.821,0.171,MBY1327I7fU
684,-0.8867,0.033,0.947,0.02,MC31YSCFrsI
685,0.8667,0.009,0.976,0.014,MIKjZmyniLM
686,-0.9105,0.023,0.967,0.01,MLwwXbAgMYw
687,0.9995,0.081,0.745,0.174,MMjkWlXx2Gw
688,0.0,0.0,1.0,0.0,MN3-ds6f-Ls
689,0.9903,0.019,0.938,0.043,MNM-2_ZTDJ4
690,-0.7647,0.041,0.927,0.032,MQ5SXqF0AKY
691,-0.997,0.065,0.904,0.031,MR9RLEVhch4
692,0.8453,0.0,0.997,0.003,MSNKqGu4OQw
693,0.8372,0.016,0.953,0.031,MT05bfg0_NM
694,0.9915,0.0,0.975,0.025,MV_7X5z4GIE
695,0.9299,0.039,0.906,0.055,MVkwzglk5wA
696,0.9855,0.025,0.932,0.043,MZyKgRnzwrk
697,-0.9981,0.069,0.918,0.013,MaCPmfQSDNQ
698,1.0,0.021,0.746,0.233,Mal63CDyJPM
699,0.914,0.0,0.895,0.105,McoUkaG1VIA
700,0.9977,0.007,0.955,0.039,MehY99byZQE
701,0.0,0.0,1.0,0.0,Mex7PquB11s
702,0.9846,0.039,0.879,0.082,Mg72v68Y2so
703,0.0,0.0,1.0,0.0,MiJ2JbqlzHk
704,0.0,0.0,1.0,0.0,MiUoKxyWePo
705,-0.9985,0.099,0.881,0.02,MlO4usJPwjk
706,0.9998,0.023,0.858,0.12,MvDe9fKyK14
707,0.9971,0.08,0.782,0.138,MweeJVDG0aE
708,-0.9993,0.074,0.916,0.01,N1Ykznkbh8I
709,0.0,0.0,1.0,0.0,N1eK4uQo0L0
710,0.9999,0.094,0.791,0.115,N20bMsFqv0o
711,-0.9864,0.04,0.948,0.012,N21sKURNEzM
712,-0.9919,0.024,0.976,0.0,N3549Cb28yo
713,0.9671,0.009,0.958,0.033,N5Vx1XagUnI
714,0.991,0.021,0.907,0.072,N5vaHN_ghlg
715,0.7736,0.003,0.986,0.01,N97robIFV7o
716,0.8328,0.03,0.933,0.037,NEgdV95Q_8k
717,-0.9881,0.06,0.915,0.025,NHEf7Z8rPX8
718,0.9999,0.067,0.723,0.21,NHcOT2cWMJ8
719,0.9978,0.023,0.884,0.092,NJXWimh6D_I
720,-0.5119,0.031,0.969,0.0,NNzMq8K56l0
721,0.9948,0.023,0.899,0.078,NOYTkHatEoo
722,-0.9961,0.137,0.729,0.134,NOjrt1mrD8Q
723,0.9503,0.004,0.963,0.033,NPEiGOFv69I
724,0.9932,0.0,0.992,0.008,NQiJAFG3OVc
725,0.9748,0.0,0.947,0.053,NQxsj8ls7LI
726,0.885,0.028,0.935,0.037,NTawyVBJgHk
727,-0.9984,0.123,0.856,0.022,NXK0Nk40f4w
728,-0.9973,0.085,0.894,0.021,NaTXN12tYSU
729,0.9968,0.031,0.934,0.034,Nd1t5n49S7M
730,-0.9999,0.067,0.915,0.018,NgPjfDUSO7E
731,0.7452,0.0,0.994,0.006,NjwJR5PQNiI
732,0.9478,0.017,0.95,0.033,NlCtJd6aSMA
733,0.9867,0.018,0.956,0.026,NlXU0kQ1_3w
734,0.9975,0.012,0.917,0.071,NrfbOMh0swY
735,-0.9971,0.082,0.885,0.033,Nt5F_0WXgt0
736,0.981,0.042,0.884,0.074,Nx8vi32W6GE
737,-0.8074,0.002,0.998,0.0,NzER6kIjtvM
738,0.0,0.0,1.0,0.0,O-5XAtPxEuw
739,0.0,0.0,1.0,0.0,O04bpm3uW7Q
740,0.9682,0.002,0.977,0.021,O3atUjqDA8g
741,0.9991,0.036,0.799,0.165,O5EUvK7akZs
742,0.0,0.0,1.0,0.0,OAOUQO5iWeE
743,0.9282,0.002,0.978,0.02,OFOwX5BqV00
744,0.9999,0.03,0.813,0.157,OJe-A4exRoU
745,0.9997,0.025,0.918,0.058,OKZwoeV1lrs
746,0.9344,0.02,0.955,0.024,OLNkRF-_XaA
747,-0.9983,0.113,0.854,0.032,OLc_D9CLtYc
748,0.9945,0.0,0.888,0.112,OMFu3NBiMj4
749,-0.998,0.064,0.92,0.016,OMmhYMFnSJY
750,-0.9998,0.077,0.9,0.023,OQNr_OI6TqE
751,-0.8634,0.012,0.98,0.008,OR7Jbtb01UM
752,-0.6794,0.012,0.974,0.014,ORoJODPAjR8
753,-0.6768,0.038,0.931,0.03,OTNzZiOApCs
754,0.0,0.0,1.0,0.0,OXJgMo1g2MY
755,0.0,0.0,1.0,0.0,OYG3lLGnKC8
756,-0.9995,0.054,0.913,0.033,OZOpfzN4sGs
757,0.9704,0.003,0.972,0.025,Oa9geXDe4no
758,0.7067,0.023,0.922,0.055,OaK1x7Vl5G8
759,1.0,0.115,0.705,0.18,Oad8BY3OWwc
760,-0.9994,0.081,0.908,0.011,OotdOGrIzRI
761,1.0,0.07,0.74,0.19,Oqd84F6R33g
762,-0.9946,0.037,0.952,0.011,OrRuYupJv1s
763,-0.9634,0.035,0.948,0.017,OveDbldqJds
764,0.9972,0.002,0.924,0.074,P0d8ff5iNuc
765,0.0,0.0,1.0,0.0,P0mDMugZKik
766,0.9999,0.076,0.737,0.187,P3TFjAYeSsw
767,0.9655,0.006,0.968,0.026,P96Q6wnHO28
768,0.6663,0.016,0.97,0.014,PClUF3WPnRM
769,0.983,0.004,0.96,0.036,PMZJSZIcj5A
770,-0.9951,0.045,0.938,0.017,PNK8TmaRSQY
771,0.0,0.0,1.0,0.0,PO8RV3ZE-TE
772,0.9597,0.011,0.967,0.022,PSBBGXdATH0
773,0.0,0.0,1.0,0.0,PT6pNa3c8MQ
774,0.0,0.0,1.0,0.0,PVfn4XFzfCI
775,0.9099,0.013,0.961,0.026,Pa58DPinOCo
776,0.9995,0.056,0.779,0.165,PbKYAks6044
777,0.986,0.003,0.957,0.04,PeHzgb_MPJ8
778,0.9995,0.054,0.763,0.182,PfmFK96OpyQ
779,-0.934,0.035,0.951,0.014,Ph6VqVEaLE8
780,-0.87,0.003,0.997,0.0,PhDNvHtcI8g
781,-0.7061,0.022,0.964,0.014,PjejAbiulwM
782,1.0,0.067,0.715,0.218,PjsITicBB3M
783,0.8902,0.0,0.984,0.016,PkP8ocH7CRE
784,-0.6517,0.004,0.996,0.0,Pks9r4cXfJI
785,0.9826,0.026,0.912,0.062,PmSSy_YHpdA
786,0.9999,0.087,0.686,0.227,PnfoXCTKLws
787,-0.9969,0.084,0.901,0.015,PqCkQzXGNs8
788,-0.6645,0.006,0.994,0.0,PujhRV1EEsY
789,-0.4122,0.004,0.994,0.002,Pxk40s8yrfw
790,0.0,0.0,1.0,0.0,PyxcYzYXqs0
791,0.9998,0.092,0.763,0.145,Pz74Y6-m4M4
792,0.9938,0.006,0.953,0.041,Q4NsmkrzuM8
793,1.0,0.037,0.832,0.131,Q6-tYpWp0Ck
794,0.9173,0.0,0.972,0.028,Q7TyUTBjc0Q
795,1.0,0.063,0.691,0.245,QDP6tCC8zTo
796,0.8386,0.013,0.965,0.022,QDttVFIIbEg
797,0.0,0.0,1.0,0.0,QGQvgNC3VPY
798,0.5574,0.0,0.998,0.002,QHf11efb2DA
799,0.0,0.0,1.0,0.0,QJ3plCVFO50
800,0.9992,0.093,0.756,0.151,QMAq8F8N2Fg
801,0.9988,0.076,0.733,0.19,QOQdsewdGTs
802,0.9677,0.022,0.94,0.038,QS4h65-36dU
803,-0.9086,0.062,0.891,0.047,QSBnsNIc3Qg
804,0.0,0.0,1.0,0.0,QScLrZPgiZ8
805,0.9979,0.018,0.945,0.037,QVXmBQeHfRE
806,0.0,0.0,1.0,0.0,QWjqO6F1IVo
807,-0.9994,0.062,0.913,0.025,QY9zWlmSGhg
808,0.952,0.008,0.964,0.028,QYVbVLk8Geo
809,0.9997,0.077,0.72,0.204,QYjonePRKhA
810,-0.9989,0.054,0.925,0.021,Q_nOwBKqn9s
811,0.0,0.0,1.0,0.0,QeEZ1d_qImI
812,0.8254,0.021,0.952,0.027,QeRPKBa9ldI
813,-0.9994,0.061,0.927,0.011,Qoju6bP8Cmw
814,-0.9991,0.057,0.925,0.017,QpAdbTNFUsw
815,0.0,0.0,1.0,0.0,Qqbc018HRZ8
816,0.9987,0.0,0.938,0.062,Qr0XpJ3GQS4
817,0.9652,0.012,0.949,0.038,QsjHV9AM1lI
818,0.999,0.03,0.71,0.26,R3fD4CF8fMc
819,0.9999,0.051,0.806,0.144,R9nnKIfS9yY
820,0.9602,0.0,0.977,0.023,RAk_9JsHNP0
821,0.7147,0.0,0.988,0.012,RBFfd3C6vNs
822,0.9985,0.035,0.928,0.037,RC3DbdcsO6A
823,-0.9974,0.074,0.893,0.033,RC7fq4r92As
824,0.9996,0.002,0.869,0.129,RFIfywkmLQE
825,0.6412,0.0,0.995,0.005,RFjYS2Kvqs4
826,-0.9977,0.087,0.895,0.019,RGDK_RN-1i4
827,0.9994,0.012,0.857,0.131,RHT9szFTJRk
828,0.9605,0.0,0.995,0.005,RIACY3pReds
829,0.9175,0.002,0.985,0.013,RL8nQYpCYkY
830,0.981,0.0,0.982,0.018,RNHtPKwhju4
831,0.9934,0.01,0.937,0.052,RNg0E2-nHv4
832,0.9883,0.013,0.957,0.029,RPwnRCaL_2k
833,0.9997,0.037,0.769,0.194,RRv_IJSQweM
834,0.9964,0.007,0.915,0.077,RUvPtMUAXM0
835,0.8867,0.016,0.958,0.026,RV6tdh-SySw
836,0.0,0.0,1.0,0.0,RW-7j9f9d4U
837,0.9961,0.011,0.952,0.037,RYOcmJa6byc
838,0.9861,0.038,0.891,0.071,R_TIVDP-hp4
839,0.9839,0.005,0.958,0.038,Ra0FP7wh7r4
840,0.9987,0.035,0.873,0.092,RacxNskxySo
841,0.9863,0.025,0.936,0.039,Rfqrzt186iM
842,-0.7999,0.035,0.933,0.032,RjAKl60BlNU
843,1.0,0.133,0.695,0.172,RjPjdw8Dro4
844,0.9942,0.015,0.942,0.044,RjdIp-PYuLU
845,-1.0,0.108,0.875,0.018,Rjg9YGuKCuw
846,-0.6935,0.029,0.94,0.031,RmNtQ9X0DNg
847,0.9749,0.043,0.889,0.068,RnAtb6mvqM4
848,0.9896,0.006,0.949,0.045,RnS2ytrlZ0Y
849,0.9667,0.041,0.899,0.06,RsjyorIc9-U
850,-0.9886,0.028,0.962,0.011,RuERKS4DDL8
851,0.9991,0.098,0.765,0.138,RxAtuMu_ph4
852,0.9999,0.033,0.713,0.253,RxNlPJi4eaE
853,-0.967,0.062,0.886,0.051,RxRgW00I8ks
854,-0.9965,0.051,0.942,0.008,RxSpktsoXj4
855,0.8772,0.018,0.958,0.024,S03fKxedsbA
856,0.0,0.0,1.0,0.0,S0zOqDtXC9g
857,0.9892,0.0,0.946,0.054,S1--V7ST-3k
858,0.9174,0.0,0.993,0.007,S12xN5CoTkQ
859,0.9918,0.035,0.921,0.044,S4bqm6iSus0
860,0.9975,0.073,0.813,0.114,S79hAIZBRN0
861,0.9649,0.003,0.974,0.023,S8oEW-QX06M
862,0.6479,0.019,0.959,0.022,SBLUHB8sC4U
863,0.8089,0.007,0.98,0.013,SBNPg2gOZP8
864,0.9132,0.061,0.863,0.075,SD9ecSjB0DM
865,-0.9983,0.046,0.948,0.006,SFr6R9E1gD0
866,0.9998,0.071,0.685,0.244,SJvHeuCLJAs
867,-0.3919,0.019,0.981,0.0,SN3sX4PeRtc
868,0.9927,0.005,0.939,0.056,SQEIsL8cgBQ
869,0.9807,0.0,0.972,0.028,STKdtxS-AOY
870,0.9913,0.005,0.952,0.043,STiZ62a1u-U
871,0.8767,0.0,0.997,0.003,SUf7_f4_KYI
872,0.9916,0.014,0.925,0.061,S_Bzy7MuWvg
873,-0.9886,0.05,0.917,0.032,SaKuKnZFobc
874,0.9929,0.017,0.903,0.08,ScCHYXjEBXI
875,0.9998,0.041,0.774,0.184,ScsX5jTQgGg
876,-0.9988,0.038,0.949,0.013,Sd_2XNacll8
877,0.9867,0.005,0.923,0.072,Se4C0ZNcY7Y
878,0.0,0.0,1.0,0.0,Sf62sng53iw
879,0.0,0.0,1.0,0.0,SfXK2rFd2eo
880,0.0,0.0,1.0,0.0,SjLPCEwoAko
881,0.9593,0.013,0.968,0.019,Sm1-QC21BtM
882,0.0,0.0,1.0,0.0,SpP2a1sq4_4
883,0.9893,0.013,0.918,0.07,SvmEJkqUkNU
884,-0.9989,0.074,0.888,0.038,SxH7wJRc8No
885,0.9999,0.061,0.725,0.214,Szkx1B7CO1Q
886,0.0,0.0,1.0,0.0,T0A483j7-Tk
887,0.8137,0.006,0.975,0.019,T2YzUU58ViU
888,0.8209,0.014,0.948,0.038,T3rNxbSXpOU
889,0.9999,0.054,0.677,0.268,T4GaCu0uq3s
890,1.0,0.027,0.892,0.081,T6b87mU14-w
891,0.7922,0.0,0.996,0.004,T8FfsLYig48
892,-0.8805,0.033,0.945,0.022,T8wfW4jqq44
893,0.0,0.0,1.0,0.0,TCWmsCI1Smc
894,0.9932,0.01,0.919,0.071,TDYKKXS3Ru8
895,0.9995,0.002,0.879,0.119,TGN3TaV_7TE
896,0.9698,0.024,0.934,0.042,TGhe2gi5Iio
897,0.0,0.0,1.0,0.0,TISqQi2nzXQ
898,1.0,0.09,0.757,0.153,TNTKRj2lS1g
899,1.0,0.065,0.669,0.266,TQjqT17gO9A
900,0.5255,0.0,0.998,0.002,TVOdaVlTpr4
901,0.8875,0.032,0.934,0.034,TX9L5bIWkII
902,-0.7503,0.036,0.931,0.032,TYXFaE0IqqI
903,-0.9919,0.077,0.902,0.022,TZkfe8gwM64
904,-0.9885,0.041,0.943,0.015,T_L31vkFfp0
905,0.8343,0.005,0.985,0.01,T_XxiWyRoHA
906,-0.7669,0.01,0.986,0.004,TbfjHLG-leM
907,0.0,0.0,1.0,0.0,TdiWgOJEDsU
908,-0.9807,0.063,0.911,0.027,Te4WWGNJtAU
909,0.9993,0.103,0.705,0.192,TeFvlVooA44
910,0.995,0.038,0.826,0.136,Tft0TxmoY0Q
911,-0.4421,0.043,0.919,0.039,Tg7RjrW2ifY
912,0.9959,0.006,0.958,0.036,Tj05i2xLysU
913,0.9655,0.004,0.979,0.017,TlTiWu0lhf4
914,0.6159,0.0,0.996,0.004,ToZ-NOnRLB4
915,0.9881,0.003,0.961,0.036,TqSPB8Vkykg
916,0.9974,0.027,0.865,0.108,Tr2inDLDfcY
917,0.2603,0.02,0.952,0.028,TrYy5Ia88lc
918,0.9989,0.008,0.944,0.048,TtP9cTqHHY0
919,1.0,0.119,0.726,0.155,Tuk04k5YLwk
920,0.9943,0.0,0.841,0.159,TvbEdN1OXPU
921,0.994,0.016,0.941,0.042,TvhMP5loa18
922,0.9488,0.015,0.952,0.032,TxC2W5HF-9c
923,0.9993,0.072,0.738,0.19,U-y6EiTJ-94
924,-0.9971,0.078,0.9,0.023,U2_NGCwXZAI
925,0.9745,0.026,0.927,0.047,U2ijqp1H1oE
926,0.5435,0.006,0.982,0.012,U5Hi28S95pc
927,0.9905,0.021,0.939,0.04,U6SuqB6-OMo
928,-0.9974,0.088,0.892,0.02,U80qA-rgmXQ
929,-0.9948,0.075,0.898,0.027,U8C3q-0C-CE
930,0.471,0.0,0.994,0.006,UHicXOngoXs
931,1.0,0.075,0.702,0.224,UIG6y3YlXc4
932,0.9935,0.003,0.931,0.067,UK1jv1yP9f0
933,0.0,0.0,1.0,0.0,UMI_KAk0440
934,0.0,0.0,1.0,0.0,UODAotGLRXc
935,0.9996,0.051,0.836,0.113,UOwCT2fyCL8
936,0.9034,0.0,0.983,0.017,UR6vYXiUT0c
937,0.7887,0.072,0.672,0.256,UScJYeviG38
938,0.0,0.0,1.0,0.0,USuUKBaBTGo
939,0.9041,0.0,0.984,0.016,UUQo_kaim3M
940,0.0,0.0,1.0,0.0,UbR9XvY4FBk
941,1.0,0.039,0.642,0.319,UcIlk1tNWsE
942,0.0,0.0,1.0,0.0,Ue133_fk2kc
943,0.0,0.0,1.0,0.0,Uhe2C8wapIQ
944,0.7131,0.0,0.993,0.007,Uik_nvx6o5M
945,0.8257,0.0,0.997,0.003,UmGPRXrG-RA
946,0.994,0.018,0.958,0.024,Unoif6J5zX8
947,-0.9988,0.076,0.92,0.004,UooFw9BCmh8
948,0.9996,0.062,0.695,0.243,Up54qhjjdWQ
949,-1.0,0.099,0.815,0.086,Uq1R79sZATY
950,0.0,0.0,1.0,0.0,UqQMV4mLdPc
951,0.9516,0.012,0.956,0.032,UrUseBj4ERE
952,0.872,0.0,0.953,0.047,Urss_KqFeQ8
953,0.7685,0.0,0.938,0.062,V1Oxj39feRg
954,0.9986,0.013,0.909,0.078,V1wNRkhkQHM
955,0.9841,0.032,0.923,0.046,V4cL8bg1gyI
956,0.3331,0.001,0.997,0.002,V7fA2I3tZFA
957,0.8708,0.045,0.901,0.054,V90GuPc5yR0
958,0.9994,0.043,0.781,0.176,V9wvUSoys_k
959,0.9967,0.013,0.935,0.052,VA3UzHz1CLM
960,-0.9845,0.052,0.933,0.015,VCdeHyE0Jbc
961,1.0,0.071,0.759,0.171,VKqC5w207O4
962,0.796,0.014,0.965,0.021,VNOJipeERwA
963,-0.8612,0.043,0.92,0.038,VOMzCtJNoMM
964,0.9999,0.066,0.65,0.284,VPEgA0Myh7Y
965,-0.9954,0.059,0.924,0.017,VRUjdlCynU0
966,-0.6517,0.008,0.988,0.005,VSPKohrqUsA
967,0.9971,0.079,0.805,0.116,VV4RZBLozcg
968,0.8329,0.007,0.985,0.008,VZYIfSlfILc
969,0.8403,0.037,0.874,0.09,V_ocMD1vwE0
970,0.982,0.004,0.959,0.037,V_pA1blfv2I
971,0.9433,0.014,0.949,0.037,VaVmnW4duL0
972,0.0,0.0,1.0,0.0,VaesUxJxv2o
973,0.9983,0.034,0.919,0.047,VmVR-YwXS8g
974,0.9993,0.095,0.742,0.163,VqNnPti8ewI
975,0.9725,0.0,0.984,0.016,Vwom-TVUGOY
976,0.0,0.0,1.0,0.0,VyCi_PY43rI
977,-0.9901,0.072,0.877,0.051,VzWjmY6-D10
978,0.0,0.0,1.0,0.0,W-VHbftRmi0
979,0.7293,0.0,0.994,0.006,W-ZARauLKc8
980,0.9663,0.021,0.953,0.026,W0PdXa4xTls
981,0.9969,0.025,0.893,0.082,W0afcoFpkT8
982,-0.9856,0.023,0.97,0.007,W2Gv8JQwpOU
983,0.9942,0.009,0.913,0.078,W8hFSx_7uj0
984,0.798,0.0,0.978,0.022,WA9-DuoOVtw
985,-0.7576,0.021,0.966,0.013,WAhFIS58PWI
986,0.9998,0.048,0.8,0.152,WEYlrKYx1L4
987,-0.9959,0.038,0.96,0.002,WFeusywS8-k
988,-0.8729,0.018,0.969,0.013,WGjwdz5O3c8
989,1.0,0.063,0.696,0.241,WH-Knb5DwBg
990,-0.9911,0.083,0.875,0.041,WJ7Lu2NTLPc
991,0.6401,0.039,0.926,0.035,WJuPd1vOw30
992,0.9999,0.019,0.904,0.076,WLYh3VLYXX4
993,0.9979,0.095,0.764,0.141,WMrxyGZ96Bc
994,-0.7576,0.024,0.961,0.015,WRoabsZRTlg
995,0.9123,0.015,0.955,0.03,WSJTUEn4RpA
996,0.9988,0.073,0.794,0.133,WTXlb42lYyU
997,1.0,0.02,0.734,0.246,WYk5yyHvpvE
998,-0.9993,0.078,0.917,0.005,WYoEBc1wi60
999,1.0,0.06,0.737,0.204,W_C5F_-_Wh0
1000,-0.9816,0.053,0.922,0.026,WchptCf9Atc
1001,0.9719,0.028,0.938,0.034,We7fSfrmTgU
1002,-0.9993,0.082,0.906,0.012,WhD4UElVinM
1003,0.0,0.0,1.0,0.0,WhXi4SguSgk
1004,0.9863,0.015,0.957,0.028,WkQIFCGH6vI
1005,0.9899,0.013,0.948,0.039,Wo380Vstccg
1006,0.9998,0.068,0.76,0.172,WsK2ueTlF2g
1007,0.0,0.0,1.0,0.0,WsqitwmFVCM
1008,-0.9994,0.052,0.906,0.042,WuX9tqLt4XM
1009,0.9396,0.014,0.943,0.044,WwT0ZoLX2bA
1010,-0.9967,0.101,0.87,0.029,WwmwNUZ71xQ
1011,0.4986,0.002,0.996,0.001,WyVlx_6irYo
1012,0.0,0.0,1.0,0.0,WyvSw5vwcbQ
1013,0.895,0.095,0.804,0.101,X-AMLXI6PXE
1014,-0.9984,0.072,0.915,0.013,X1iVrKKHI84
1015,-0.9979,0.049,0.927,0.024,X2O7H4jMwu0
1016,0.0,0.0,1.0,0.0,X6N4sO_wIY0
1017,0.9985,0.004,0.982,0.014,X8AVk4xyojw
1018,0.8612,0.022,0.947,0.031,X9OsUvgP6-8
1019,0.9959,0.034,0.865,0.101,XCw4PY3G64k
1020,1.0,0.092,0.682,0.226,XHSVEk2EEOk
1021,-0.8453,0.034,0.944,0.022,XHpRFRZCqdY
1022,1.0,0.077,0.778,0.145,XP0bxzFWPzA
1023,0.9943,0.022,0.951,0.027,XUyfwDPs7hc
1024,1.0,0.07,0.791,0.138,XXn4fP3CnJg
1025,0.9997,0.068,0.713,0.219,XYX-IZa3rNs
1026,-0.9435,0.032,0.948,0.02,XbzrrEJAjqs
1027,0.985,0.018,0.952,0.03,XcQaGa7y7KU
1028,0.9666,0.0,0.962,0.038,Xd-ERvtK_Fw
1029,-0.9859,0.038,0.935,0.027,Xd4Dz9ejUAQ
1030,-0.9946,0.07,0.91,0.02,XgaF26yG030
1031,0.9998,0.04,0.882,0.077,Xh13AScl4FQ
1032,0.9416,0.015,0.964,0.021,XhTNuDA7_d0
1033,0.9931,0.122,0.737,0.141,XquCCHJuZDE
1034,0.7599,0.037,0.92,0.043,XsfR4DUBPBg
1035,0.989,0.006,0.973,0.021,XvsB-fiRgXw
1036,-0.9838,0.042,0.945,0.013,Xz9KUfocipA
1037,0.9479,0.001,0.991,0.008,XzzogpqQ1jM
1038,0.9959,0.0,0.917,0.083,Y01VIYzJOu8
1039,0.9925,0.0,0.99,0.01,Y1KREhWhu28
1040,0.9997,0.009,0.901,0.089,Y2eCXCITHzc
1041,0.0,0.0,1.0,0.0,Y3U82Quh5lw
1042,-0.777,0.047,0.941,0.012,Y7XzAPE7ccM
1043,0.51,0.072,0.821,0.107,YDz9qf-SB1w
1044,0.9886,0.01,0.881,0.109,YEgEGZ1RD6U
1045,1.0,0.031,0.82,0.149,YEhTVtSzZ6c
1046,0.9997,0.043,0.766,0.19,YH6HIRWL5iM
1047,0.9889,0.011,0.949,0.039,YITCbtOCB6g
1048,-0.9998,0.067,0.919,0.013,YMuOrf8zIYc
1049,0.9961,0.021,0.929,0.05,YSuno1gn54c
1050,-0.9922,0.028,0.954,0.018,YW89FbH_r0U
1051,0.9995,0.019,0.785,0.196,YWIcxTI0b5o
1052,-0.8948,0.054,0.913,0.033,YXleqIxdv8A
1053,-0.9992,0.078,0.891,0.031,YYCLC4Ut2bk
1054,-0.9837,0.035,0.941,0.024,Y_d_Ng73ops
1055,-0.9899,0.084,0.845,0.071,YaTdy-oAtBw
1056,0.9654,0.0,0.986,0.014,Yd4zgN-wu7I
1057,0.9942,0.014,0.921,0.065,Yf7P1FqkF9M
1058,0.814,0.002,0.987,0.01,YjHDG-l4WG4
1059,0.9999,0.059,0.677,0.263,YltHGKX80Y8
1060,0.9808,0.011,0.926,0.063,YoKkidKHOuE
1061,1.0,0.039,0.707,0.254,Yoz7G3dF3UM
1062,0.0,0.0,1.0,0.0,YpP6IC5doGU
1063,0.0,0.0,1.0,0.0,Yq19jSlVHoc
1064,-0.9955,0.112,0.833,0.055,YqGaDwfSCNE
1065,1.0,0.119,0.694,0.187,YvKpmK_-Wg4
1066,0.9999,0.07,0.765,0.165,YyYnll7LjW4
1067,0.9831,0.003,0.971,0.026,Yz9cM6ZAVh4
1068,0.9876,0.057,0.858,0.085,Z-czAJQBzjw
1069,0.9985,0.09,0.799,0.111,Z0ieX2t3Sxs
1070,0.9465,0.016,0.957,0.027,Z7uj1WhksBY
1071,0.998,0.026,0.926,0.048,ZG-DWUceFtU
1072,0.9814,0.014,0.951,0.035,ZHv7SaX5m5M
1073,0.9998,0.098,0.678,0.224,ZJD5lOlLX1M
1074,-0.9996,0.083,0.902,0.015,ZJi6Dqh4t18
1075,-0.5205,0.02,0.961,0.019,ZL5RP84V7Lw
1076,0.9837,0.073,0.79,0.137,ZLYEz3UHThg
1077,0.9787,0.012,0.95,0.037,ZOdgzPhDiCE
1078,0.9067,0.006,0.971,0.024,ZPm3NyK2DHA
1079,-0.9999,0.119,0.872,0.009,ZRkgYKIoIQ0
1080,0.732,0.015,0.961,0.024,ZUNPFUPm3BE
1081,-0.6734,0.005,0.994,0.001,ZWJnHk0uHyk
1082,0.9641,0.003,0.968,0.029,ZbGYGdEAdSs
1083,-0.9794,0.043,0.939,0.018,ZdQoi5o3rLQ
1084,0.0,0.0,1.0,0.0,ZeeTybHscfQ
1085,0.9621,0.006,0.965,0.03,ZmUWe9avL9k
1086,0.887,0.015,0.957,0.027,ZnDSeMqrQAk
1087,0.9999,0.06,0.683,0.256,ZpKGJr2fURY
1088,0.706,0.017,0.961,0.022,ZxPJKiPCEIQ
1089,0.9853,0.007,0.97,0.023,_31KNG6-pWI
1090,0.9932,0.0,0.911,0.089,_7fbxeycLps
1091,-0.9869,0.086,0.909,0.005,_BBrr2TBfIM
1092,0.9994,0.094,0.737,0.169,_BLLaKcMrm0
1093,-0.9811,0.055,0.925,0.02,_Cgh_a_lS1A
1094,0.9236,0.003,0.971,0.025,_DOg3crJ8zc
1095,-0.7822,0.048,0.907,0.045,_JfT7DYO-iM
1096,0.7243,0.0,0.939,0.061,_L-jUAf3E5Q
1097,0.9931,0.006,0.921,0.073,_Qmg83pdBx8
1098,0.9221,0.003,0.981,0.016,_RS5lbAoqLQ
1099,0.9647,0.0,0.974,0.026,_RyTYwUUJdI
1100,0.9693,0.0,0.975,0.025,_UqhHHKY3mc
1101,0.9855,0.019,0.926,0.056,_VF3QaA_FEQ
1102,-0.5187,0.004,0.996,0.0,_WXAB0x5S0g
1103,0.9991,0.041,0.821,0.138,_YDo_EWrI04
1104,1.0,0.037,0.719,0.244,_aCE7gxQOVY
1105,0.9998,0.088,0.713,0.2,_eYy4drMvf4
1106,1.0,0.07,0.765,0.165,_e_IT906_ak
1107,-0.9585,0.12,0.754,0.126,_efVoeiSKP0
1108,0.6628,0.0,0.996,0.004,_fz82BzyO4c
1109,0.9957,0.007,0.92,0.073,_gNA3H02gHI
1110,0.9838,0.027,0.919,0.054,_haKJTLFDcc
1111,0.9984,0.002,0.987,0.011,_kaxpn-8To0
1112,-0.9998,0.19,0.661,0.148,_kxxDWhVVOs
1113,0.9978,0.001,0.916,0.082,_m22snUjdfo
1114,0.9993,0.041,0.821,0.137,_m3c167NmU0
1115,1.0,0.04,0.795,0.165,_oWBmlLS4Ec
1116,0.9999,0.092,0.778,0.13,_sHT3LwzoP8
1117,0.9494,0.014,0.945,0.041,_sd9zWl1zw8
1118,0.9991,0.009,0.937,0.054,_uAU9cTXgxI
1119,-0.9781,0.052,0.922,0.026,a-m-DdrOwK4
1120,0.0,0.0,1.0,0.0,a3p46eInaYU
1121,0.9751,0.01,0.956,0.034,a4jjLfGPoYc
1122,0.9991,0.055,0.804,0.141,a4zn7r_nnC0
1123,0.9761,0.027,0.918,0.055,a6zBAy25CMg
1124,-0.8833,0.022,0.963,0.016,a8GCEePhUzU
1125,0.9999,0.04,0.667,0.293,aCJlNkv_prA
1126,0.8739,0.025,0.948,0.027,aEzJFA7P2JU
1127,0.9837,0.0,0.994,0.006,aFyKYUXZBQk
1128,0.9757,0.022,0.949,0.028,aHVeheZ3QH8
1129,0.9972,0.003,0.837,0.16,aMFyngPz4Jk
1130,0.9914,0.0,0.956,0.044,aM_lpWOfD10
1131,0.9971,0.006,0.959,0.034,aOd_QpM48Ro
1132,0.9777,0.031,0.912,0.058,aOgG3o9DMr4
1133,-0.6869,0.036,0.935,0.029,aPzt3Vm1TbU
1134,0.0,0.0,1.0,0.0,aV-vSk156sw
1135,0.9999,0.006,0.869,0.125,aYF5x3fRpqk
1136,0.851,0.031,0.916,0.053,a_DRFTsVfs8
1137,1.0,0.066,0.79,0.144,a_TSR_v07m0
1138,-0.7004,0.048,0.911,0.04,a_mdl51hgSo
1139,0.8304,0.004,0.984,0.013,ab8hUe5BE3s
1140,0.9999,0.072,0.762,0.166,ahZFCF--uRY
1141,-0.9912,0.076,0.924,0.0,alLnPAp_iLY
1142,0.9995,0.084,0.722,0.195,amdbtHvSeeA
1143,0.9988,0.062,0.78,0.158,aoCHrTh0FQo
1144,0.9967,0.005,0.929,0.066,aqgrep2dMpM
1145,0.9444,0.0,0.99,0.01,ar5Bgu45INU
1146,0.9505,0.0,0.936,0.064,asnufhKzbxA
1147,1.0,0.044,0.77,0.186,auOwCeVa0-I
1148,0.9247,0.029,0.938,0.034,b0XdNzhYuxM
1149,0.0,0.0,1.0,0.0,b1MabFTU8wI
1150,-0.9986,0.102,0.891,0.007,b5n2BXXQmdA
1151,0.5042,0.003,0.992,0.005,b6PEulpMAXk
1152,0.9902,0.066,0.799,0.136,b9l4yUYNcfY
1153,0.0,0.0,1.0,0.0,bHTIFmmYPlc
1154,-0.9983,0.119,0.804,0.078,bL10DP2fOEQ
1155,-0.9969,0.078,0.904,0.019,bMesuDgJtA4
1156,0.8429,0.0,0.963,0.037,bOYJfSZNQKk
1157,0.5897,0.032,0.906,0.062,bQjAsKyHK80
1158,0.6148,0.007,0.984,0.009,bUvt1730Cso
1159,0.9278,0.02,0.948,0.031,bVEzmQHPo-o
1160,0.934,0.004,0.964,0.031,bXtR3qSeg_A
1161,0.0,0.0,1.0,0.0,baXUZjCSujU
1162,0.9671,0.016,0.949,0.035,bmFEvIhUznU
1163,0.9999,0.032,0.772,0.197,buiefvtHVa0
1164,0.9997,0.031,0.736,0.232,bzdcc625UnM
1165,1.0,0.033,0.797,0.171,c0A1bkF4mKM
1166,-0.9991,0.053,0.918,0.029,c22jdvUpCwU
1167,0.9475,0.109,0.773,0.118,c7tYQF44Fr4
1168,0.9994,0.041,0.796,0.163,c989XY-icko
1169,0.999,0.086,0.747,0.167,cBEnObovbuw
1170,0.9879,0.005,0.942,0.053,cBqiwN37UZw
1171,0.6935,0.0,0.988,0.012,cC4UVRihtAk
1172,-0.9998,0.068,0.901,0.031,cC9yPrHlXMI
1173,1.0,0.041,0.807,0.151,cE30kk8tUwQ
1174,0.987,0.007,0.945,0.048,cGof3BmK-I8
1175,-0.9959,0.048,0.947,0.005,cIhgFE0pJQQ
1176,0.9909,0.013,0.965,0.022,cJHUI477xRo
1177,0.9941,0.022,0.926,0.052,cKOcWb_RHZQ
1178,0.9712,0.008,0.973,0.019,cMBLC5VirPY
1179,0.9996,0.077,0.723,0.2,cP1m0bGsQCk
1180,0.9875,0.024,0.907,0.069,cR7BttvLLE4
1181,0.9736,0.006,0.952,0.042,cTqI_T_k86Q
1182,0.9993,0.0,0.909,0.091,cUURRaE858w
1183,0.9949,0.01,0.938,0.052,cVtAA3yrr_I
1184,0.9995,0.029,0.92,0.051,cWW2o0zSiPo
1185,0.9999,0.14,0.698,0.161,cZhcNvmlrBs
1186,0.8988,0.0,0.95,0.05,cj3jGII-2w8
1187,0.9186,0.0,0.995,0.005,ckB8KycQokM
1188,0.0,0.0,1.0,0.0,cmE0uM3WuQ4
1189,0.9639,0.033,0.927,0.04,cmmdLJpkR0I
1190,0.0,0.0,1.0,0.0,coa7fr7lCI0
1191,0.9997,0.065,0.748,0.187,coqZwiHibCY
1192,-0.9952,0.054,0.913,0.034,cqE4i_wUJFs
1193,1.0,0.079,0.668,0.253,cuQY5Ui1DBw
1194,0.9226,0.017,0.946,0.037,cuSpT79qeMI
1195,0.9999,0.057,0.691,0.252,cuteYqKpfUk
1196,0.958,0.0,0.776,0.224,cvOOmPCpqMM
1197,-0.9902,0.087,0.847,0.066,d0TfU4MiFk0
1198,0.9987,0.044,0.899,0.057,d34BYFYPaz8
1199,0.9866,0.074,0.803,0.123,d3LGMPD1nrU
1200,0.0,0.0,1.0,0.0,d4CRxtVlHvg
1201,0.9863,0.025,0.926,0.048,d5dmoTMz8eo
1202,0.9997,0.045,0.817,0.138,d74a2HGPmfA
1203,-0.7252,0.051,0.901,0.049,d7ZtRjIlqjA
1204,-0.6072,0.082,0.848,0.07,d7_RA9tkU04
1205,0.0,0.0,1.0,0.0,dA5GEj8mJYs
1206,0.8787,0.0,0.991,0.009,dCUlSfe3-5k
1207,-0.9998,0.093,0.885,0.022,dGxYHOTlRPs
1208,0.8453,0.016,0.944,0.04,dHSdWv0KW0E
1209,-1.0,0.191,0.668,0.141,dHowJ7ULNfo
1210,0.3504,0.004,0.991,0.006,dJRmc0N7qmA
1211,-0.9994,0.125,0.777,0.098,dKtEyVzEQzY
1212,-0.9838,0.034,0.956,0.01,dKyd1TZqRxQ
1213,0.0,0.0,1.0,0.0,dS4p16GKdRs
1214,-0.9745,0.069,0.884,0.047,dUzXlmi_Yq8
1215,-0.718,0.03,0.942,0.027,dV3uIXebJWg
1216,-0.8517,0.042,0.928,0.03,dX7KQAp1PG4
1217,0.9982,0.093,0.776,0.131,dYG-9yA7h78
1218,0.0,0.0,1.0,0.0,dZVYOvjwIKw
1219,-0.9999,0.106,0.883,0.01,dehMNQDO6uQ
1220,0.9827,0.006,0.964,0.03,djQXecYgGqM
1221,-0.9934,0.087,0.877,0.036,dl63vH8NQG8
1222,0.9719,0.002,0.991,0.007,dloQTecVmoY
1223,0.9943,0.019,0.926,0.055,dlt-r3ghOGI
1224,0.0,0.0,1.0,0.0,dpcpgKaZMDs
1225,0.9691,0.0,0.976,0.024,dq1WmIezV9Y
1226,0.0,0.0,1.0,0.0,dqF5ApkiUEY
1227,0.9997,0.029,0.829,0.142,drlX_wX6k4M
1228,0.7504,0.056,0.879,0.065,dtCkMMYQAKk
1229,1.0,0.068,0.735,0.197,dtNIbIedChg
1230,0.6908,0.0,0.992,0.008,duP-iBL3WUM
1231,1.0,0.081,0.773,0.146,dv7itsHcRwY
1232,0.0,0.0,1.0,0.0,dvzvit-8ZSs
1233,0.9935,0.028,0.912,0.06,dyhm3Tf30uQ
1234,-0.8825,0.054,0.908,0.038,dzEbBwSVsT4
1235,0.0,0.0,1.0,0.0,e-fgPVhcL5E
1236,-0.9951,0.094,0.903,0.003,e2RTR68b3RQ
1237,0.6031,0.0,0.997,0.003,e4G0RFR0vXw
1238,0.9981,0.057,0.842,0.101,e5dir37rPok
1239,0.0,0.0,1.0,0.0,e8vrYFv43J4
1240,0.0,0.0,1.0,0.0,eG8oLuHTo1c
1241,-0.9919,0.069,0.895,0.036,eGVax08EnaE
1242,0.9996,0.007,0.937,0.056,eK1qoRS3xEg
1243,1.0,0.097,0.787,0.117,eMAgdmA4Iw4
1244,-0.9983,0.085,0.882,0.033,eQdD-pOT5wc
1245,-0.9521,0.041,0.936,0.023,eRT49L-8vSU
1246,-0.9969,0.021,0.974,0.005,eS009cRz-XU
1247,-0.9999,0.136,0.851,0.013,eTbszVsLI60
1248,-0.9316,0.004,0.996,0.0,eTeBjUxy0w4
1249,0.9997,0.035,0.779,0.186,eYI3UzsXWe8
1250,0.9928,0.007,0.961,0.032,eYLffTT-Hf4
1251,0.9998,0.049,0.755,0.196,eaHo1ZTtokQ
1252,0.9996,0.064,0.781,0.155,eaW76aDKObk
1253,0.0,0.0,1.0,0.0,eajw5bDtv74
1254,0.9997,0.064,0.778,0.159,eb90gqGYP9c
1255,0.9891,0.006,0.969,0.025,ebhO1FCiEpg
1256,0.9991,0.076,0.773,0.151,ec9P3C1OXqE
1257,0.9581,0.072,0.683,0.245,edzch5SHhr4
1258,0.9869,0.0,0.979,0.021,efIAxTOX9F0
1259,-0.9998,0.071,0.91,0.019,ejsV13tPRfQ
1260,0.9972,0.011,0.947,0.043,emh1SbIYkCw
1261,-0.9978,0.057,0.905,0.037,enolwWTNA0U
1262,0.9592,0.027,0.929,0.043,etQt-NJEWVU
1263,1.0,0.049,0.679,0.271,etljSFQk2dA
1264,0.0,0.0,1.0,0.0,evHmCpGpNoc
1265,0.0,0.0,1.0,0.0,f1HmOW_PoEA
1266,0.9878,0.0,0.961,0.039,f2RbBFfodHs
1267,-0.9593,0.046,0.931,0.023,f2rFf2ivrF0
1268,0.8318,0.063,0.835,0.102,f3HPt_3TghI
1269,-0.4885,0.001,0.999,0.0,f5GLoBTtii4
1270,0.9531,0.0,0.989,0.011,f6d8Zbq45hE
1271,0.9987,0.0,0.783,0.217,fBxIWHcOYjc
1272,0.9971,0.009,0.958,0.033,fD-TTr6Xy4M
1273,0.9028,0.005,0.976,0.018,fE3Cu21qSuM
1274,0.9703,0.016,0.938,0.045,fFuG2Ja4Saw
1275,1.0,0.05,0.726,0.224,fK0rWI0DwG4
1276,0.9959,0.0,0.943,0.057,fMPkQWXW4C4
1277,-0.6554,0.039,0.929,0.032,fMjrhmkp6zE
1278,0.9105,0.0,0.995,0.005,fMuIRrDn4Qk
1279,0.0,0.0,1.0,0.0,fNjbaZsqvJY
1280,-0.6322,0.017,0.973,0.01,fQL2uSajlfs
1281,0.927,0.009,0.977,0.014,fR3Dio5Dr1I
1282,-0.986,0.087,0.834,0.079,fS26YGVW5H0
1283,0.0,0.0,1.0,0.0,fYWrs7_--Sg
1284,-0.9991,0.144,0.739,0.116,fZYfxsv1GQY
1285,-0.9981,0.062,0.899,0.039,fbENvgOKRbc
1286,1.0,0.1,0.697,0.203,fc2YDa7FOjw
1287,-0.999,0.077,0.903,0.021,fd5DDhUIj0w
1288,-0.7374,0.022,0.964,0.013,ff3r10rCKFs
1289,0.0,0.0,1.0,0.0,fj1KorfMdzw
1290,-0.9994,0.15,0.812,0.037,flQXYNzjims
1291,0.9999,0.06,0.705,0.235,fmlVox_h8-g
1292,-0.8771,0.046,0.919,0.035,fmp5qsdM4Lk
1293,-0.9974,0.079,0.902,0.019,fn4bMEf5L7s
1294,0.9983,0.0,0.941,0.059,fvu4_-U4fY8
1295,0.8917,0.018,0.96,0.022,g0M7nreEkOo
1296,-0.9902,0.058,0.926,0.016,g2ljVsIfSok
1297,0.9969,0.071,0.81,0.119,g4U4BQW9OEk
1298,1.0,0.107,0.758,0.135,g6Rnb5-TXpI
1299,-0.8948,0.021,0.967,0.012,gCctOum7_sg
1300,0.9952,0.008,0.961,0.031,gI-BYf_qwGI
1301,0.9299,0.032,0.918,0.05,gIVNSC53LHg
1302,0.6628,0.011,0.971,0.018,gIpDhTh3pTc
1303,-0.9739,0.057,0.909,0.034,gOGziCiLHBo
1304,0.0,0.0,1.0,0.0,gPAufs_whGY
1305,-0.9998,0.105,0.882,0.012,gPZLg_akOXM
1306,0.0,0.0,1.0,0.0,gPhyD7flm1k
1307,0.8867,0.008,0.977,0.015,gT7EVEMze0I
1308,0.8101,0.0,0.988,0.012,gTJhUnMAuzw
1309,0.0,0.0,1.0,0.0,gU-wrPLxsm0
1310,-0.9819,0.025,0.97,0.005,g_i_mD81i3c
1311,0.7477,0.013,0.965,0.022,gbSvshHw29M
1312,0.9855,0.004,0.965,0.031,gePmho0mnBs
1313,0.8985,0.011,0.97,0.019,ghdh8GvkZ_4
1314,0.9575,0.018,0.951,0.031,gkhuiMTWHNE
1315,0.9992,0.03,0.796,0.173,glaZwDDrTSo
1316,0.0,0.0,1.0,0.0,gnVp_4iU2RE
1317,0.9925,0.038,0.889,0.072,gsCio55op6Q
1318,0.0,0.0,1.0,0.0,gtnGYi3OzjA
1319,0.9969,0.027,0.839,0.133,guq_xGe6zwg
1320,0.7551,0.016,0.964,0.02,gv9xkdQdg4g
1321,0.8089,0.011,0.974,0.016,gx7P4ZLZ8Lo
1322,-0.9363,0.026,0.958,0.016,gymiYXdjaRs
1323,0.819,0.007,0.966,0.027,h-qcsABAfhk
1324,1.0,0.061,0.752,0.186,h1JKzHPCGso
1325,-0.9585,0.036,0.933,0.031,h5Olc0Ilc0o
1326,0.9698,0.022,0.824,0.153,h8alpzcCKH8
1327,-0.9888,0.033,0.955,0.012,h8vV35mNDlY
1328,0.9967,0.015,0.96,0.025,hERoaGeGMjo
1329,0.9907,0.011,0.841,0.148,hGZnrCrfEJ0
1330,1.0,0.019,0.893,0.088,hHmD8u-mCto
1331,0.9939,0.003,0.949,0.048,hIsqVk3f2jY
1332,0.9913,0.01,0.933,0.057,hPw5Fe8wT4o
1333,0.9919,0.014,0.939,0.047,hQISBvUH_co
1334,0.998,0.01,0.912,0.078,hQdAP_hrJVM
1335,-0.8677,0.041,0.931,0.029,hR3e37ruljs
1336,0.9547,0.048,0.853,0.099,hUxtjkjyBKA
1337,-0.9986,0.1,0.864,0.036,hWRzdRRpBgo
1338,0.9996,0.06,0.748,0.193,h_cY0yohFo4
1339,0.9526,0.002,0.995,0.004,hau9T9HA30g
1340,0.9909,0.074,0.803,0.123,hjGIRFo1GLM
1341,0.9975,0.003,0.891,0.107,hmB-wN1buuk
1342,0.9295,0.019,0.957,0.024,ho6ir1XSjiU
1343,-0.9979,0.152,0.736,0.112,hr6fHe3KMsc
1344,-0.9791,0.043,0.935,0.023,huDKEWI0Bc8
1345,0.8453,0.0,0.996,0.004,hwMfTGbjmCg
1346,-0.9739,0.056,0.905,0.04,hyb81kH-x64
1347,0.7121,0.0,0.994,0.006,i0x_veJgWZA
1348,0.9945,0.017,0.917,0.067,i4X8o9DuWNk
1349,0.9954,0.001,0.933,0.066,i8WP78xxS0Q
1350,0.9987,0.139,0.706,0.155,i8oWjgLaU54
1351,0.9993,0.066,0.764,0.17,i9R3E5iSpZw
1352,0.9971,0.098,0.749,0.153,i9RmWK-G0ps
1353,0.0,0.0,1.0,0.0,i9aaxkbuaRo
1354,-0.9264,0.043,0.927,0.03,iA44EStWzkU
1355,0.0,0.0,1.0,0.0,iBdqzHX3f-Y
1356,0.9987,0.141,0.661,0.198,iD5Z3-bYp54
1357,-0.9988,0.081,0.88,0.04,iLP5Vaksasc
1358,0.9991,0.054,0.799,0.148,iLtaYgWNCT0
1359,0.0,0.0,1.0,0.0,iNl7LGxtjIA
1360,0.9783,0.012,0.948,0.04,iOZmcJgk5eY
1361,0.9935,0.011,0.922,0.067,iRFBak2eh-I
1362,1.0,0.056,0.785,0.159,iTOKRWgjOlg
1363,0.9999,0.004,0.941,0.055,iWCE3FOIaXM
1364,0.8498,0.027,0.942,0.031,i_jLdkzl_K0
1365,-0.9874,0.058,0.899,0.043,i_tgMROry84
1366,0.9699,0.029,0.916,0.054,icMTRbYc4ao
1367,0.9989,0.082,0.768,0.15,idJp2Zlp-_k
1368,0.0,0.0,1.0,0.0,im3wnzRVflo
1369,0.9997,0.0,0.906,0.094,invFudGIi68
1370,0.9105,0.0,0.986,0.014,io6f5zo1KQ4
1371,0.9554,0.007,0.943,0.05,ipBd97V_cGY
1372,0.9593,0.02,0.947,0.033,ipzkV77Y0n4
1373,0.7736,0.046,0.895,0.059,iv4ge4AqISY
1374,-0.9304,0.054,0.907,0.039,iztsgY1-EEc
1375,-0.7892,0.017,0.974,0.01,izywq2Neak0
1376,0.0,0.0,1.0,0.0,j1GyGkfpHoI
1377,0.5152,0.041,0.907,0.053,j5sIbDXob5Q
1378,0.9458,0.083,0.821,0.096,jBtUs28sUDg
1379,-0.5216,0.013,0.977,0.01,jCCn8XKA7z0
1380,-0.9995,0.091,0.9,0.009,jCpKJ-hztOc
1381,-0.9508,0.064,0.887,0.049,jE-LhbK4Ug4
1382,0.999,0.009,0.764,0.227,jG9L4KC29fY
1383,-0.9693,0.04,0.953,0.007,jGiFZZMIt2Y
1384,0.6836,0.0,0.971,0.029,jGppF61TXsw
1385,-0.9988,0.105,0.889,0.006,jI7vFKKPQvw
1386,0.9485,0.011,0.938,0.051,jJgp2JMTcYU
1387,0.9884,0.005,0.954,0.041,jMwmC6FTq_c
1388,0.2789,0.038,0.903,0.059,jPVcDQHWv3w
1389,0.9782,0.02,0.949,0.031,jRC_V5-V9w4
1390,0.8603,0.0,0.993,0.007,jUkFbFNdC9g
1391,-0.9999,0.106,0.887,0.007,jVPHhbcsG2M
1392,0.0,0.0,1.0,0.0,jWDpe9TXaJ0
1393,0.9719,0.009,0.963,0.028,jXVKifUKBvI
1394,0.956,0.019,0.936,0.045,jZ3CSqsRHSo
1395,0.0,0.0,1.0,0.0,jZQLlepZsYI
1396,1.0,0.068,0.753,0.179,jbcxUlnxO08
1397,-0.9964,0.007,0.993,0.0,jcBoC8FIDv0
1398,0.89,0.018,0.955,0.027,jd6IY5IoyIY
1399,1.0,0.053,0.819,0.128,jehluGQyFLM
1400,-0.9536,0.031,0.949,0.02,jkYsvabFTv4
1401,-0.9815,0.043,0.94,0.017,jpy3Ml5sqn4
1402,-0.9608,0.05,0.933,0.017,jqFYpkazivI
1403,0.5337,0.009,0.979,0.012,jqUYmRCpX9U
1404,0.8002,0.031,0.938,0.03,jqnYHCYMM10
1405,-0.984,0.083,0.859,0.058,jvzeZCZluJ0
1406,0.9997,0.057,0.717,0.226,jx5uzKUNW4o
1407,0.9996,0.037,0.908,0.055,k3dv5gz4Zh0
1408,0.9922,0.036,0.884,0.08,k6KEi_laGK0
1409,-0.9981,0.044,0.947,0.009,kCWgFbjJp14
1410,-0.9971,0.055,0.928,0.017,kDoqUnHQlnw
1411,1.0,0.025,0.678,0.297,kEdYmnPI15U
1412,-0.998,0.11,0.859,0.031,kGdNVdvVJnc
1413,0.0,0.0,1.0,0.0,kOI3kgPoqSk
1414,0.9998,0.028,0.747,0.225,kRkd_exXi1g
1415,0.9925,0.0,0.913,0.087,kT8uZYl1zUI
1416,-0.8257,0.043,0.948,0.009,kVeGjq3-owE
1417,0.9892,0.019,0.957,0.024,kb-hm7AAptk
1418,0.4986,0.041,0.924,0.035,kdLjN4Qd9lY
1419,-0.9747,0.032,0.949,0.019,khXB_rX4b2g
1420,-0.9993,0.024,0.969,0.007,kiToxLjuHmE
1421,0.9959,0.016,0.936,0.048,kjQyeaHiU7A
1422,0.0,0.0,1.0,0.0,kol5viK0QGY
1423,0.0,0.0,1.0,0.0,kqSPqk-FdhA
1424,-0.9999,0.06,0.924,0.016,kqgnpbzim2A
1425,0.9831,0.0,0.966,0.034,kvQbwp-nJAI
1426,-0.7599,0.016,0.972,0.012,kvgMCZnUqtU
1427,0.9999,0.085,0.77,0.145,kx7o38YOuWo
1428,1.0,0.041,0.658,0.301,kx_uCdTRCAw
1429,0.9592,0.005,0.966,0.028,l-sZEy3FBYs
1430,-0.9991,0.06,0.925,0.015,l6t7wdQryHI
1431,0.814,0.0,0.988,0.012,l7u_4FseQHE
1432,0.7746,0.0,0.984,0.016,l7x2ojQlXEY
1433,-0.9955,0.036,0.936,0.028,l9z9F7wA8dY
1434,-0.9902,0.088,0.881,0.031,lAIoNM3wTKU
1435,1.0,0.093,0.763,0.145,lCCXFwBq3yI
1436,1.0,0.038,0.713,0.249,lDVG4-ozV5E
1437,0.9993,0.126,0.716,0.158,lGbvtDMDNUQ
1438,0.9907,0.039,0.899,0.062,lHX7m-1x7-Y
1439,0.9949,0.007,0.923,0.07,lI_5DEaOI1w
1440,0.8902,0.002,0.988,0.01,lRn0poaKQz4
1441,0.9999,0.09,0.711,0.199,lRx0ebNsxEM
1442,0.7736,0.037,0.923,0.041,lWOkf4om45g
1443,-0.9926,0.079,0.869,0.052,lWZnMJVF7KA
1444,-0.7961,0.025,0.959,0.016,lYFNyj8tjDg
1445,-0.9998,0.058,0.92,0.022,l_trp6DTmMQ
1446,0.9998,0.011,0.78,0.209,lcSRp-y_kw0
1447,0.9999,0.077,0.72,0.202,ldneQsewJEc
1448,0.9643,0.0,0.99,0.01,lhRJ5AxDgAo
1449,-0.9806,0.056,0.908,0.036,liTqrREkrPU
1450,-0.9992,0.06,0.927,0.013,lmQIwFkXE08
1451,0.9582,0.007,0.978,0.015,lnQDeU4ZYBk
1452,-0.9897,0.073,0.884,0.043,lnhDsp6l89s
1453,0.9949,0.003,0.922,0.076,lqYs6gTnyho
1454,0.9839,0.0,0.997,0.003,lrb3UZoxfCI
1455,0.9996,0.077,0.775,0.148,ltnXFGa6244
1456,0.934,0.0,0.998,0.002,lw79n4SRfAI
1457,0.9466,0.016,0.908,0.076,ly7E91PhHfs
1458,0.0,0.0,1.0,0.0,ly8Z0hHHZVk
1459,0.0,0.0,1.0,0.0,lz73nnMqqMg
1460,0.7293,0.0,0.947,0.053,m-xM1c0RLKw
1461,0.968,0.099,0.786,0.115,m420JGn9yyk
1462,-0.9268,0.021,0.969,0.01,m4qQfVKztNU
1463,0.9997,0.042,0.905,0.053,m6KbZzftRkI
1464,0.9657,0.015,0.944,0.041,mBFKx6Tsz4I
1465,0.9328,0.0,0.954,0.046,mECw74V2enI
1466,0.7208,0.0,0.958,0.042,mFQ6lmBb8zk
1467,1.0,0.064,0.732,0.204,mIbWRTc6kiI
1468,-0.9981,0.124,0.851,0.025,mIhIY_uMvd4
1469,0.995,0.015,0.921,0.064,mLBh_9_NS0U
1470,0.9978,0.093,0.722,0.185,mLPe0rhCgQs
1471,0.9519,0.011,0.969,0.02,mLUhHeg2WbM
1472,0.9999,0.025,0.749,0.226,mN3rDTAdM2o
1473,0.9636,0.015,0.957,0.028,mNMKS9-mXiM
1474,-0.9041,0.031,0.954,0.015,mOEOtRyNIho
1475,0.9997,0.063,0.75,0.187,mPVKLrMNfeU
1476,0.9916,0.014,0.922,0.064,mQ_0tzRlRns
1477,0.9681,0.051,0.874,0.076,mUjLH1trWAo
1478,0.998,0.008,0.886,0.106,mVxa-O80sj8
1479,0.9978,0.032,0.887,0.081,mWMWWx--XY8
1480,0.9948,0.012,0.957,0.032,mb1LiyBxIlM
1481,0.9586,0.013,0.957,0.03,mgmb5R5O3HI
1482,-0.9796,0.074,0.881,0.045,mgsUeFnoP7s
1483,0.9979,0.05,0.895,0.054,mhOLLaNL9FU
1484,-0.9786,0.054,0.908,0.038,mjPbA-6NUE0
1485,0.9997,0.035,0.729,0.236,mkC4-cD-jhw
1486,0.999,0.024,0.785,0.191,ml0vgFGV3oQ
1487,1.0,0.041,0.867,0.091,mmgZ6FSEFks
1488,0.9985,0.011,0.873,0.116,mnxnH9Yus54
1489,-0.9962,0.064,0.919,0.017,mpZT9e8fcqc
1490,-0.9069,0.029,0.952,0.018,mqSNHmHkCnY
1491,0.9996,0.05,0.719,0.231,mqpIzMV0r5s
1492,-0.9674,0.04,0.938,0.023,mtFL_6zDPnQ
1493,0.818,0.0,0.887,0.113,mwh-xpI4DM8
1494,0.9996,0.095,0.7,0.204,n-CzwR9bDA4
1495,1.0,0.047,0.742,0.211,n-siktLSCFI
1496,0.8089,0.031,0.943,0.026,n0KYhof_UWk
1497,0.9951,0.011,0.913,0.076,n2fpCuh3V0I
1498,-0.7208,0.053,0.89,0.057,n6y4zPB0dwg
1499,0.9584,0.006,0.97,0.024,n9mtVxGQ5Pg
1500,0.9961,0.027,0.834,0.139,nD3Wao89XKI
1501,-0.9105,0.021,0.979,0.0,nF2CbGUBfqM
1502,0.9795,0.0,0.96,0.04,nFn-oVOyvOo
1503,0.9972,0.004,0.973,0.023,nII75hYPB1s
1504,0.9858,0.007,0.946,0.048,nK0VKamZee0
1505,-0.264,0.019,0.97,0.01,nKDMSC2FZqk
1506,0.9973,0.013,0.876,0.112,nNC0Q1EiCNo
1507,-0.9884,0.087,0.876,0.037,nND1pmEJiTc
1508,0.0,0.0,1.0,0.0,nQPFE2O2J5M
1509,-0.8924,0.01,0.99,0.0,nTyF66qotkU
1510,0.0,0.0,1.0,0.0,nWLPhe9aE6E
1511,0.0,0.0,1.0,0.0,nYeA363mffw
1512,0.9891,0.007,0.94,0.053,nbtQxPY5jXs
1513,0.9983,0.035,0.829,0.135,neDuTeqPtGI
1514,0.9589,0.0,0.954,0.046,nf1xFGsdS5E
1515,0.9999,0.009,0.705,0.286,nhd7G9p8hvs
1516,0.9649,0.011,0.959,0.03,niYV_nLmM0U
1517,0.0,0.0,1.0,0.0,njQHFF3qXec
1518,0.9933,0.018,0.859,0.123,noG2IDsfxHo
1519,0.9993,0.055,0.774,0.171,nr-Bjbl65TI
1520,0.6836,0.0,0.995,0.005,nteK6bEnZto
1521,0.3558,0.044,0.909,0.047,nwtiYRRDBrQ
1522,-0.9386,0.031,0.957,0.012,nx4FbB17q7Q
1523,-0.9679,0.03,0.957,0.013,o10yVlperPY
1524,-1.0,0.061,0.922,0.018,o3frkRhHjMs
1525,0.9791,0.013,0.96,0.027,o6wuYHdge6A
1526,0.9876,0.033,0.849,0.118,oAu7xazViXA
1527,-0.9889,0.058,0.918,0.024,oCj6shDXPxY
1528,0.9951,0.01,0.904,0.087,oD-GuZFa1yY
1529,0.9201,0.007,0.972,0.021,oE_ccYFcKm4
1530,0.0,0.0,1.0,0.0,oGk87nyYwqk
1531,0.6816,0.014,0.963,0.023,oHw6bRY4G94
1532,0.9999,0.087,0.758,0.155,oJ9pN6010H8
1533,0.9997,0.078,0.756,0.167,oKtQEFoexFk
1534,0.0,0.0,1.0,0.0,oOqFm9coGlI
1535,0.9575,0.029,0.921,0.051,oPc8IAjyb5o
1536,0.0,0.0,1.0,0.0,oQtUX_D9CMc
1537,0.9334,0.007,0.983,0.01,oWf6CJsBs9Q
1538,0.9984,0.005,0.95,0.045,oXxpI5VOVp4
1539,0.894,0.02,0.934,0.045,oYv-En8dxQ8
1540,0.9863,0.028,0.917,0.054,oZ-ROYATxbw
1541,0.9752,0.017,0.947,0.036,ofR3IkfhEqo
1542,0.8681,0.035,0.882,0.083,ofpjJTZfAWk
1543,-0.9468,0.047,0.926,0.027,ogQScKav20U
1544,-0.9979,0.048,0.936,0.016,ogc_Y7X-x80
1545,-0.9992,0.06,0.921,0.02,oj_09_wApb0
1546,0.9712,0.013,0.93,0.057,oqjU1aV9Ku8
1547,0.9972,0.02,0.958,0.022,ouNXFCceHis
1548,1.0,0.048,0.829,0.123,ozIKwGt38LQ
1549,0.9866,0.062,0.827,0.111,p-Cr8Y8ZTz0
1550,0.8873,0.0,0.972,0.028,p2MLXVODOas
1551,0.0,0.0,1.0,0.0,p3HOAsyIybk
1552,0.9934,0.005,0.941,0.054,p3TQOh9l59g
1553,1.0,0.056,0.744,0.2,p3svOP0H4L8
1554,0.9438,0.014,0.958,0.028,p71-q4SB8WM
1555,0.9997,0.067,0.744,0.19,pACT2SUBI_c
1556,0.8823,0.017,0.956,0.028,pCkxm6Bub8Q
1557,-0.6776,0.002,0.998,0.0,pDjW1VqWUxI
1558,0.6369,0.0,0.995,0.005,pFQ-gkJ82Hg
1559,0.9921,0.007,0.947,0.046,pKty8_foc2M
1560,0.9892,0.005,0.909,0.086,pMZLqogXYWM
1561,0.9953,0.165,0.585,0.249,pPDLFQUZ47o
1562,0.981,0.0,0.951,0.049,pS7h2VXajZM
1563,0.97,0.034,0.9,0.066,pTNifBu7hjs
1564,0.8089,0.0,0.995,0.005,pU81zBQ5Hhk
1565,-0.9958,0.049,0.946,0.004,pVY0FG9uXjc
1566,-0.9991,0.12,0.85,0.03,pYVjq4EZU1g
1567,-0.99,0.082,0.881,0.037,pZCN29h3Lho
1568,0.9482,0.028,0.932,0.04,p_zHj2t4HPM
1569,-0.9409,0.012,0.983,0.005,pa2QnpD2E5Y
1570,-0.5043,0.026,0.953,0.021,pgSW6HJuqAw
1571,0.9831,0.007,0.956,0.037,pjEBJlkbxDc
1572,0.9511,0.007,0.971,0.022,pk8nwzKbQiQ
1573,0.9965,0.053,0.815,0.132,pke0Zx4xocM
1574,0.9973,0.012,0.936,0.051,pnBFRQbNd5E
1575,0.9913,0.001,0.977,0.022,prL7EDKY8xc
1576,1.0,0.057,0.756,0.187,prPvU0MJk38
1577,0.9999,0.08,0.687,0.234,pv0mbac2Slo
1578,-0.8093,0.098,0.807,0.094,pyey3NLn9R8
1579,0.9999,0.062,0.756,0.182,pzTYw3wC6UU
1580,0.9939,0.033,0.924,0.043,q00C77F7scg
1581,0.9887,0.0,0.941,0.059,q62zRXLW5b0
1582,-0.9086,0.022,0.967,0.011,q6mrx3NACd8
1583,0.8698,0.027,0.941,0.032,q7HDyOn3uNY
1584,0.999,0.103,0.729,0.168,q8cNbJc8vRY
1585,-0.9977,0.11,0.836,0.054,qAC0MgFY0os
1586,0.0,0.0,1.0,0.0,qAqmGijyi7s
1587,0.9526,0.004,0.98,0.016,qBYErx17cDw
1588,0.9855,0.042,0.885,0.072,qCrWEwqR2ak
1589,-0.9984,0.054,0.931,0.015,qFmiVyl5Zn8
1590,0.0,0.0,1.0,0.0,qGA7rJMGy9s
1591,-0.9989,0.106,0.872,0.022,qIOtWVRhuEg
1592,0.9496,0.023,0.949,0.028,qJ1JfC03QPo
1593,0.715,0.014,0.975,0.011,qKEprsvAyZw
1594,0.9779,0.0,0.985,0.015,qMYHj34nGlM
1595,0.9227,0.015,0.88,0.105,qSzEL96nQyc
1596,0.9551,0.07,0.773,0.157,qTBAT6mmcGk
1597,0.9998,0.057,0.764,0.18,qVYtMfjLPgU
1598,0.0,0.0,1.0,0.0,qXqDO6OKBm4
1599,1.0,0.053,0.775,0.172,q_0uF80IZXM
1600,1.0,0.104,0.689,0.207,qbVsjbBllKQ
1601,0.9931,0.047,0.856,0.097,qbpetKJjJow
1602,0.9917,0.005,0.942,0.053,qgaWUGMwY8Y
1603,0.6209,0.0,0.982,0.018,qgtXxgc-wIk
1604,1.0,0.071,0.637,0.291,qhSrCBpMLsY
1605,0.9952,0.0,0.904,0.096,qkEyzUTFu4U
1606,0.9983,0.003,0.857,0.14,qlvOcy8kFsQ
1607,0.0,0.0,1.0,0.0,qpF3xN_N99k
1608,0.0,0.0,1.0,0.0,qpwyQYSaNWM
1609,0.914,0.026,0.834,0.14,qsef1Sdpv7E
1610,0.7293,0.0,0.993,0.007,qwuKNqO_jUY
1611,0.7503,0.032,0.939,0.029,qzSAKvpJqvU
1612,-0.8805,0.028,0.956,0.016,r0URhxX3UoI
1613,-0.6075,0.025,0.948,0.027,r0vZAfilOiI
1614,0.9955,0.02,0.919,0.061,r1E4o9XO03E
1615,0.0,0.0,1.0,0.0,r2ik5NWEFjw
1616,0.9746,0.0,0.965,0.035,r363yqfhGyY
1617,0.0,0.0,1.0,0.0,r7p46Kf8Dmo
1618,-0.9929,0.159,0.814,0.027,r85aEOXaxr0
1619,0.832,0.03,0.93,0.039,rF31eJOF3co
1620,0.9999,0.022,0.916,0.062,rG-oozRx6Rg
1621,0.0,0.0,1.0,0.0,rJdS_qKuAoU
1622,1.0,0.044,0.847,0.109,rMLli8Efe3s
1623,0.9224,0.015,0.964,0.021,rO8v0o7iXek
1624,0.0,0.0,1.0,0.0,rPXHx6GIT14
1625,0.9982,0.0,0.897,0.103,rSo53kEP1FY
1626,-0.9658,0.008,0.987,0.004,rVnysz6KlR4
1627,-0.9976,0.078,0.878,0.044,rWAwiaitgjY
1628,1.0,0.094,0.684,0.222,rXKRd1cYPm4
1629,-0.7061,0.043,0.921,0.036,rYS3mMBeylM
1630,0.9994,0.025,0.779,0.196,rZKKgn5-gj8
1631,0.9737,0.01,0.96,0.03,raJr3XY_y_0
1632,0.9986,0.028,0.854,0.117,raPw4104d_I
1633,0.9895,0.04,0.919,0.041,rbMjPtUsJj4
1634,0.9989,0.11,0.757,0.133,rfWoflUzadI
1635,0.9998,0.055,0.648,0.297,ri7eAR5yVwI
1636,-0.9962,0.096,0.855,0.049,rlgynRm0Rag
1637,0.0,0.0,1.0,0.0,rlhTKb11Kjw
1638,-0.8291,0.078,0.858,0.064,rnjRTDY2XgI
1639,-0.9914,0.033,0.96,0.007,rrq5oso-nvM
1640,0.9998,0.048,0.8,0.153,rwsQRNtPYws
1641,0.9999,0.046,0.795,0.159,rxOiAsNi55I
1642,-0.9997,0.133,0.769,0.098,rxsFhyIhyTE
1643,0.9953,0.01,0.915,0.075,ryWhH8ViS5g
1644,0.9286,0.018,0.958,0.025,s-Wuuvbw_ak
1645,0.9866,0.016,0.948,0.036,s3rmucur41E
1646,0.7374,0.0,0.995,0.005,s3zhApDy8pA
1647,0.9993,0.069,0.807,0.124,s4Vy3FKs4O4
1648,0.9997,0.072,0.797,0.131,s5pdGZw0am4
1649,-0.9996,0.07,0.904,0.026,s5pnBcPQsK0
1650,0.8169,0.002,0.985,0.012,s64NEY83zvU
1651,0.9999,0.038,0.777,0.185,s6z-JwK-tTA
1652,0.9982,0.012,0.923,0.065,s8UczljzJoE
1653,0.9984,0.014,0.923,0.063,s8fcCOHQ_I4
1654,0.6696,0.0,0.995,0.005,sBVL9a8_r2Q
1655,0.996,0.007,0.928,0.065,sCyXccbf3t4
1656,0.9993,0.112,0.729,0.158,sEwMmSbVBQk
1657,0.9958,0.0,0.989,0.011,sFQCfpihCcs
1658,0.6998,0.017,0.963,0.02,sJ3nz8ZENo0
1659,-0.6402,0.019,0.97,0.012,sM25G406iDM
1660,-0.9883,0.091,0.862,0.047,sN4lin1OwAo
1661,0.9977,0.014,0.951,0.035,sQ-mMyL-NSo
1662,0.0,0.0,1.0,0.0,sRZyPKL3ydQ
1663,-0.9111,0.032,0.952,0.016,sSAg0On3HMg
1664,0.9891,0.0,0.957,0.043,sUz7lmBAPEA
1665,0.8479,0.02,0.954,0.027,sWgBfi0vSuo
1666,0.0,0.0,1.0,0.0,sXlfSOA3nxM
1667,0.0,0.0,1.0,0.0,sYuHX_Ev3L4
1668,0.9028,0.021,0.945,0.034,sa-xYJ2MHf0
1669,-0.9958,0.091,0.887,0.022,se-xMhWHq7U
1670,-0.9937,0.024,0.965,0.011,se9zfTl9qD0
1671,0.9988,0.098,0.784,0.118,sfM7_JLk-84
1672,-0.9882,0.071,0.88,0.049,sjTBz2NrROQ
1673,-0.9955,0.08,0.903,0.017,skstCel_Utw
1674,-0.9938,0.054,0.908,0.038,slY09hnEHno
1675,-0.9991,0.086,0.896,0.018,smgAYfAEBjQ
1676,0.9952,0.021,0.9,0.079,smigv3zgdqQ
1677,0.9717,0.025,0.881,0.094,sr8vcoLtT5g
1678,-0.9291,0.058,0.906,0.035,st6qwHcFHRg
1679,1.0,0.104,0.717,0.178,stICyHUiYgc
1680,-0.9949,0.086,0.851,0.063,sxSMj13aZHY
1681,0.9995,0.04,0.84,0.119,sxvSHR-stjU
1682,0.9756,0.0,0.971,0.029,szzG2KxPUpQ
1683,-0.9908,0.047,0.924,0.029,t-IXh_wTH4o
1684,-0.712,0.011,0.985,0.004,t0gs_LytHwg
1685,0.8807,0.0,0.987,0.013,t3X6SgIyj9o
1686,0.9995,0.012,0.809,0.179,t6-kLrXNRRs
1687,0.9994,0.08,0.614,0.306,t7wwGZoCjIA
1688,0.9798,0.0,0.963,0.037,tDc3bGogm5I
1689,0.9925,0.041,0.873,0.086,tExnItY8xfs
1690,-0.9618,0.112,0.781,0.106,tGcai7Bp1H8
1691,0.9974,0.078,0.799,0.123,tGuXXQbPF2I
1692,-0.9944,0.059,0.906,0.034,tHs4COexnGo
1693,0.9793,0.016,0.96,0.024,tIKM3cKDW8g
1694,-0.9291,0.003,0.997,0.0,tMECH6n1ERw
1695,0.872,0.0,0.884,0.116,tQ0C3ORP-Do
1696,-0.615,0.034,0.937,0.029,tQ9mTYG6SBU
1697,0.9998,0.015,0.792,0.193,tSg1YnEucLI
1698,0.0,0.0,1.0,0.0,tTTkXMOEf6I
1699,0.5466,0.014,0.956,0.03,tUH_bDQL5bY
1700,0.0,0.0,1.0,0.0,tWOVrAmmLPc
1701,-1.0,0.137,0.824,0.039,tcQukFPjR8Q
1702,0.9598,0.009,0.93,0.061,tepN4YrRFQU
1703,0.99,0.064,0.812,0.124,tfq44UCv3oU
1704,-0.9711,0.045,0.928,0.027,thlA14DLhoc
1705,0.9999,0.054,0.652,0.294,tiy1V695Tnk
1706,-0.9976,0.085,0.881,0.034,tjjYk7PklV4
1707,0.0,0.0,1.0,0.0,tkbtYsVsJRM
1708,0.9992,0.008,0.91,0.081,tlEAEJKIatc
1709,-0.7527,0.037,0.938,0.025,tn2Z2FygJiA
1710,0.9938,0.008,0.933,0.058,tnnZZZhe0tY
1711,0.9977,0.008,0.971,0.021,to6V5If8sdk
1712,-0.9997,0.081,0.896,0.023,ts4zGffBEbU
1713,1.0,0.055,0.71,0.235,tsk9c7KF76E
1714,0.9994,0.029,0.748,0.223,ttB9HivsABA
1715,0.9906,0.007,0.931,0.062,ttPcqSU9gJw
1716,0.0,0.0,1.0,0.0,ttyEBf-JyTM
1717,0.9813,0.01,0.93,0.06,tuG9tKSUop0
1718,0.9969,0.021,0.927,0.052,txu09WXvtoU
1719,0.9948,0.012,0.934,0.054,ty6YpwpuFLE
1720,0.934,0.031,0.932,0.037,u-1nyVfFObc
1721,0.999,0.033,0.726,0.24,u0EME07whgo
1722,0.9626,0.01,0.948,0.042,u0I62vFfrGw
1723,0.0,0.0,1.0,0.0,u0eGwZbvMM4
1724,0.981,0.014,0.959,0.026,u47cw2OS8Og
1725,0.9996,0.071,0.774,0.155,u4xnNYfisZw
1726,1.0,0.073,0.759,0.168,u4yCFPKrqDE
1727,-0.9967,0.062,0.922,0.016,u5F5mB9aAuM
1728,0.5942,0.027,0.95,0.024,u5PSA-CrlEo
1729,0.0,0.0,1.0,0.0,u97bO6rdLrs
1730,0.9474,0.041,0.809,0.15,u9YQEdsTGko
1731,0.9569,0.011,0.957,0.032,uBnvA4nZ93I
1732,0.0,0.0,1.0,0.0,uDa3mbrnLvY
1733,0.8867,0.02,0.951,0.028,uEdAnpRy_Xw
1734,0.0,0.0,1.0,0.0,uFfliSC-34o
1735,0.9953,0.072,0.826,0.102,uIHhsKHedjo
1736,1.0,0.09,0.751,0.159,uJRlvg_JG_g
1737,0.8089,0.015,0.971,0.013,uLoGZNiGhaM
1738,0.0,0.0,1.0,0.0,uLzZ4o5oldc
1739,0.9995,0.041,0.751,0.209,uMnwJQd4QQM
1740,0.8729,0.0,0.972,0.028,uMyvITITo64
1741,0.1531,0.028,0.939,0.033,uOHLitSCQF4
1742,0.6734,0.0,0.995,0.005,uYqtqGzWTOM
1743,0.8089,0.005,0.978,0.017,ubCQpNuuNLY
1744,0.9873,0.004,0.95,0.046,ublqtcwT8rs
1745,0.9571,0.0,0.994,0.006,ui2pFnAO5cw
1746,0.0,0.0,1.0,0.0,uiwHXGsnl8E
1747,0.9873,0.009,0.961,0.031,uk5y0FtGdzM
1748,0.0,0.0,1.0,0.0,uk7bqMANajE
1749,-0.9853,0.035,0.946,0.019,uuFupoR3txY
1750,-0.9902,0.137,0.728,0.134,v1vXC-vKgKg
1751,1.0,0.076,0.791,0.133,v3y8AIEX_dU
1752,0.9944,0.0,0.909,0.091,v502nadxR3k
1753,0.9908,0.017,0.916,0.067,v7ckwsoRpdo
1754,0.6031,0.005,0.988,0.007,v8EPoREg2Hc
1755,0.9951,0.004,0.967,0.03,v8MaCiw8Fms
1756,0.9948,0.025,0.897,0.078,v8qD3WYvtiM
1757,0.6116,0.031,0.939,0.029,vCoLt2IWbrM
1758,0.992,0.025,0.934,0.042,vEBZsEyOup8
1759,0.9972,0.012,0.93,0.058,vEF_B9wUkbQ
1760,0.9993,0.08,0.757,0.163,vHwNxZsrOF4
1761,0.0,0.0,1.0,0.0,vKp-wz4W-hU
1762,-0.9976,0.083,0.894,0.023,vM7RdxvmYFw
1763,0.9957,0.0,0.916,0.084,vN7vZ2F8fls
1764,0.9336,0.002,0.985,0.013,vO8Y6h8D6pA
1765,0.6869,0.026,0.952,0.022,vOyng0u2wSs
1766,-0.9954,0.043,0.928,0.028,vPBroO2NgBc
1767,-0.9951,0.148,0.729,0.123,vPWM2nvZSSg
1768,0.9775,0.017,0.933,0.05,vSnm-EQXOfo
1769,1.0,0.08,0.695,0.225,vTTEYUh6vco
1770,-0.6202,0.028,0.949,0.023,vUWkDUkGlYE
1771,0.9999,0.038,0.8,0.162,vXIWhgVw7xo
1772,1.0,0.03,0.931,0.04,va2vKqa_kqA
1773,0.9693,0.019,0.923,0.058,vbQduOqJy7s
1774,0.9998,0.06,0.658,0.282,vc6wYJqs9B0
1775,0.9998,0.064,0.731,0.205,vcRVuAzee-A
1776,-0.9924,0.033,0.955,0.012,vcTW91K8CX4
1777,-0.9996,0.045,0.928,0.027,vfC-y2mYcjQ
1778,0.0,0.0,1.0,0.0,vhuLaWN7Dzc
1779,-0.9533,0.038,0.945,0.017,vje9SuBzoYg
1780,-0.9717,0.022,0.973,0.005,vk-VSv-DaE0
1781,0.9985,0.064,0.799,0.137,vnqt2JTtSd0
1782,-0.9862,0.034,0.955,0.011,vorJedLR-Bs
1783,0.997,0.115,0.757,0.128,vpNUzNBw6FI
1784,0.9135,0.026,0.944,0.03,vr3jIWCzX4c
1785,0.8089,0.033,0.931,0.036,vrJfYCo2S9M
1786,0.5514,0.0,0.985,0.015,vtfOEtBwClg
1787,0.0,0.0,1.0,0.0,w3glP0hOio4
1788,-0.9974,0.108,0.869,0.023,w49Z5wcn8Y4
1789,0.9624,0.038,0.915,0.047,w5ZCuGM9N8I
1790,0.9889,0.003,0.921,0.076,wDdQKWoLvKQ
1791,0.8089,0.0,0.996,0.004,wJ2BCISg0Jk
1792,0.9997,0.025,0.813,0.162,wKoxIVZiRZ4
1793,-0.9514,0.035,0.947,0.018,wSae47lJhlQ
1794,0.983,0.005,0.954,0.041,wUBp6iXXVEE
1795,0.6031,0.0,0.999,0.001,wVi0t1OLjwQ
1796,1.0,0.065,0.706,0.229,wZ6zKtsN_WI
1797,-0.9977,0.071,0.906,0.023,wawWwAyRJ2M
1798,0.9988,0.0,0.976,0.024,wd0T20hTogE
1799,-0.9533,0.036,0.95,0.014,wdQ_LfxUK0c
1800,0.9925,0.008,0.956,0.037,wjfIshuHOCc
1801,0.9996,0.006,0.958,0.037,wk0UMm-ElWA
1802,0.9994,0.0,0.919,0.081,wu1nK8Mb11Q
1803,0.9611,0.006,0.967,0.027,wuT98HW-ee0
1804,0.9997,0.092,0.717,0.19,wxGYrsRsNeU
1805,-0.8787,0.013,0.978,0.009,wxUJGTy-Nuo
1806,0.991,0.0,0.994,0.006,wzjRsepsOVM
1807,0.9957,0.051,0.823,0.127,x0l1WSRJ87Q
1808,0.9998,0.016,0.87,0.114,x5DncI-qq2Y
1809,0.9956,0.02,0.95,0.03,xA60k1T4NsU
1810,-1.0,0.166,0.737,0.097,xFC7llFS5CQ
1811,1.0,0.071,0.741,0.189,xGxNMs2vytQ
1812,0.9999,0.113,0.661,0.226,xJp-0L0lNBQ
1813,0.9146,0.0,0.984,0.016,xJyX0y0KITM
1814,0.8209,0.0,0.949,0.051,xPI-mjn0jFw
1815,-0.9944,0.083,0.907,0.01,xR7WBfMmIRQ
1816,-0.9663,0.033,0.947,0.019,xRZU5WYMd0c
1817,0.7121,0.0,0.993,0.007,xR_49kYIEtw
1818,0.0,0.0,1.0,0.0,xVYtscF_pSM
1819,-0.8985,0.012,0.988,0.0,xXawSGO-JQo
1820,0.9919,0.006,0.953,0.041,xZBv9dwbyII
1821,0.9621,0.011,0.964,0.025,xewYYy2n2I8
1822,0.9895,0.002,0.934,0.064,xnOQ9VSC_sA
1823,0.9999,0.094,0.759,0.147,xpu-nicvYzE
1824,-0.9996,0.034,0.953,0.013,xr5IW_yyEiA
1825,0.9907,0.013,0.905,0.082,xz5-5w9Xl4c
1826,0.0,0.0,1.0,0.0,xzFb3PxCxE0
1827,1.0,0.122,0.717,0.16,y-JtJoIYbv0
1828,-0.9758,0.051,0.918,0.031,y0gKG1do_ds
1829,-0.9998,0.127,0.842,0.031,y42A6n3lX3U
1830,-0.9916,0.053,0.928,0.018,y4QjpJUxnrw
1831,0.9801,0.0,0.976,0.024,y60904SqRi0
1832,0.9426,0.0,0.979,0.021,y7Gv_Pg4hkU
1833,1.0,0.112,0.706,0.182,y7TlnQq6XzI
1834,0.9245,0.019,0.95,0.031,y7rXLuifBz0
1835,0.9453,0.0,0.997,0.003,yCzv3l143DM
1836,-0.9563,0.08,0.92,0.0,yDO3n1P3e-w
1837,0.9995,0.055,0.739,0.206,yFLevzg4i1M
1838,0.7293,0.0,0.991,0.009,yFekKsNPWfw
1839,0.0,0.0,1.0,0.0,yIeyZHW6C0o
1840,0.9691,0.029,0.93,0.041,yMBdX9qaByM
1841,1.0,0.066,0.689,0.245,yNMI9F7oBxI
1842,0.9389,0.007,0.932,0.061,yNMMw0jrIBg
1843,0.9496,0.013,0.958,0.029,yRN_0h8uV6E
1844,0.0,0.0,1.0,0.0,yaF5RHsM_Fo
1845,0.9918,0.02,0.911,0.069,yc7E7dEj0xY
1846,0.9999,0.086,0.766,0.148,yeIEh6YiXAM
1847,0.0,0.0,1.0,0.0,ymC66795MNE
1848,0.9909,0.015,0.945,0.04,ynsfKW3gEbg
1849,0.9993,0.053,0.75,0.196,yrvBMMjRlLg
1850,1.0,0.086,0.667,0.247,ysj2X0zNtSs
1851,-0.9983,0.117,0.873,0.009,yxzj8e1BljY
1852,0.0,0.0,1.0,0.0,z1xu8Fdy4KI
1853,0.7974,0.067,0.857,0.076,z3X_Ve5j0vY
1854,0.9914,0.013,0.924,0.063,z4igZBOLMlc
1855,0.9958,0.015,0.896,0.089,z6VdJsxZvOs
1856,-0.9941,0.066,0.906,0.028,z7k9J3AqnRU
1857,-0.7208,0.005,0.995,0.0,z8TvaYRQYnM
1858,0.9932,0.032,0.894,0.075,zDc60eGU6xA
1859,-0.8106,0.019,0.97,0.011,zFITOmA3SgI
1860,0.8731,0.01,0.955,0.035,zMEJIBrdae8
1861,-0.9965,0.133,0.773,0.094,zMJ0CY_KXAg
1862,0.9526,0.0,0.983,0.017,zO2uw4_piAQ
1863,-0.9944,0.045,0.92,0.035,zOJb9Faa3p8
1864,-0.9099,0.039,0.939,0.022,zQqxxJKJd3s
1865,0.9927,0.006,0.954,0.04,zTLNL4Pwnm4
1866,-0.9435,0.024,0.958,0.019,zTxZ9qKYm20
1867,-0.4753,0.038,0.937,0.025,zUXvWc5Ofks
1868,0.9831,0.004,0.943,0.053,zUnxgqyHC_Q
1869,0.9909,0.04,0.912,0.048,zYmwCrV1thg
1870,0.0,0.0,1.0,0.0,zYvIp2QrRpA
1871,0.986,0.005,0.949,0.046,zaj6y2ab2MM
1872,-0.5466,0.003,0.997,0.0,zc5wtcE24iY
1873,0.0,0.0,1.0,0.0,zc9ATNK2dvw
1874,-0.8985,0.006,0.994,0.0,zdrMY3ftWag
1875,0.832,0.011,0.971,0.018,zem-8jCZPvU
1876,-0.9374,0.081,0.847,0.073,zfUXeRPCv-Y
1877,0.9995,0.093,0.732,0.175,zgpzfRrCe88
1878,-0.9949,0.038,0.944,0.018,zkhD83pe-2k
1879,0.9657,0.009,0.98,0.011,zmcP4XoQjpo
1880,0.9977,0.012,0.915,0.073,zn6dCDIVpG8
1881,-0.9164,0.063,0.886,0.051,ztTKSXG8djA
1882,0.9496,0.005,0.979,0.016,zwSmJpBWBVQ
1883,0.9951,0.004,0.947,0.049,zxsyg5YEK0Q
1884,0.2023,0.0,0.994,0.006,zyJJbOc7sMU
1885,0.6201,0.031,0.933,0.037,zyN7aC5Z9nQ
1886,0.5466,0.017,0.97,0.013,zyeK2EhsfX0
